scheme,date,stage1_status,stage2_status,stage3_status,changed_allowance,minimum_unserved_volume,minimum_changed_lines,allowed_changed_lines,actual_changed_lines,affected_volume,unserved_volume,max_line_load_rate,model_max_line_load_rate,average_line_load_rate,line_load_std,candidate_line_count,dc5_related_positive_line_count
min_changed_plus_0,2023-01-01,Optimal,Optimal,Optimal,0,4718,63,63,63,120681,4718,1.1509882452541436,1.1509882,0.06804010474180305,0.18125380118089793,858,49
min_changed_plus_2,2023-01-01,Optimal,Optimal,Optimal,2,4718,63,65,65,120681,4718,1.1509882452541436,1.1509882,0.06796683440478578,0.181231586298241,858,49
min_changed_plus_5,2023-01-01,Optimal,Optimal,Optimal,5,4718,63,68,66,120681,4718,1.1509882452541436,1.1509882,0.06895213344270239,0.18364983279511612,858,49
min_changed_plus_0,2023-01-02,Optimal,Optimal,Optimal,0,0,41,41,41,121401,0,1.204369918699187,1.2043699,0.04836576630704534,0.12147511521597497,854,48
min_changed_plus_2,2023-01-02,Optimal,Optimal,Optimal,2,0,41,43,43,121401,0,1.204369918699187,1.2043699,0.04880937254775783,0.12360817181421958,854,48
min_changed_plus_5,2023-01-02,Optimal,Optimal,Optimal,5,0,41,46,45,121401,0,1.204369918699187,1.2043699,0.048702423906898565,0.12351040471517599,854,48
min_changed_plus_0,2023-01-03,Optimal,Optimal,Optimal,0,0,41,41,41,120930,0,1.0385855231024714,1.0385855,0.04814336287468843,0.11733475218499095,839,47
min_changed_plus_2,2023-01-03,Optimal,Optimal,Optimal,2,0,41,43,43,120930,0,1.0385855231024714,1.0385855,0.049193887986208454,0.12097588933905758,839,47
min_changed_plus_5,2023-01-03,Optimal,Optimal,Optimal,5,0,41,46,45,120930,0,1.0385855231024714,1.0385855,0.050523037919482774,0.1276953456670129,839,47
min_changed_plus_0,2023-01-04,Optimal,Optimal,Optimal,0,0,43,43,43,116701,0,0.9631728045325779,0.9631728,0.04767360508119933,0.11598745409191442,840,47
min_changed_plus_2,2023-01-04,Optimal,Optimal,Optimal,2,0,43,45,45,116701,0,0.9631744040150565,0.9631744,0.046416888084251956,0.1129143677896389,840,47
min_changed_plus_5,2023-01-04,Optimal,Optimal,Optimal,5,0,43,48,45,116701,0,0.9631728045325779,0.9631728,0.046626758204604074,0.11425695917410293,840,47
min_changed_plus_0,2023-01-05,Optimal,Optimal,Optimal,0,0,41,41,41,125649,0,0.9990557129367328,0.99905571,0.04532737592473626,0.10590528343466098,840,47
min_changed_plus_2,2023-01-05,Optimal,Optimal,Optimal,2,0,41,43,43,125649,0,0.8451043600013025,0.84510436,0.04578970926826174,0.10721271074744307,840,47
min_changed_plus_5,2023-01-05,Optimal,Optimal,Optimal,5,0,41,46,46,125649,0,0.7919637914753671,0.79196379,0.048883268194372956,0.11584270091926648,840,47
min_changed_plus_0,2023-01-06,Optimal,Optimal,Optimal,0,0,41,41,41,121334,0,0.9182592242194891,0.91825922,0.046755185099826096,0.11071741001884594,840,47
min_changed_plus_2,2023-01-06,Optimal,Optimal,Optimal,2,0,41,43,43,121334,0,0.9182592242194891,0.91825922,0.04485464674998494,0.10614055646700848,840,47
min_changed_plus_5,2023-01-06,Optimal,Optimal,Optimal,5,0,41,46,43,121334,0,0.9182592242194891,0.91825922,0.04485464674998494,0.10614055646700848,840,47
min_changed_plus_0,2023-01-07,Optimal,Optimal,Optimal,0,0,41,41,41,118463,0,0.8583437892095358,0.85834379,0.042062384770667274,0.09888342164719409,840,47
min_changed_plus_2,2023-01-07,Optimal,Optimal,Optimal,2,0,41,43,43,118463,0,0.7159974905897114,0.71599749,0.04123565765394067,0.09628494292989874,840,47
min_changed_plus_5,2023-01-07,Optimal,Optimal,Optimal,5,0,41,46,46,118463,0,0.715988647114475,0.71598865,0.04401440422152959,0.10491459787680883,840,47
min_changed_plus_0,2023-01-08,Optimal,Optimal,Optimal,0,0,42,42,42,122803,0,0.982896603409973,0.9828966,0.04500696356068597,0.1128879163259302,840,47
min_changed_plus_2,2023-01-08,Optimal,Optimal,Optimal,2,0,42,44,44,122803,0,0.982896603409973,0.9828966,0.04536820110416873,0.11377819310671901,840,47
min_changed_plus_5,2023-01-08,Optimal,Optimal,Optimal,5,0,42,47,47,122803,0,0.9829046424090339,0.98290464,0.0473297647915282,0.12107471055350072,840,47
min_changed_plus_0,2023-01-09,Optimal,Optimal,Optimal,0,0,41,41,41,118314,0,0.8370290775292241,0.83702908,0.04321481680610025,0.09751356199023731,840,47
min_changed_plus_2,2023-01-09,Optimal,Optimal,Optimal,2,0,41,43,43,118314,0,0.6918861533795055,0.69188615,0.04264914444009869,0.0963112458188844,840,47
min_changed_plus_5,2023-01-09,Optimal,Optimal,Optimal,5,0,41,46,46,118314,0,0.6918861533795055,0.69188615,0.04246660690772025,0.09534060207048714,840,47
min_changed_plus_0,2023-01-10,Optimal,Optimal,Optimal,0,0,41,41,41,118503,0,0.8735884567126725,0.87358846,0.04472303707324709,0.10448405709061592,840,47
min_changed_plus_2,2023-01-10,Optimal,Optimal,Optimal,2,0,41,43,43,118503,0,0.838852528410016,0.83885253,0.04611931947125291,0.10992793281217311,840,47
min_changed_plus_5,2023-01-10,Optimal,Optimal,Optimal,5,0,41,46,44,118503,0,0.838852528410016,0.83885253,0.045391728093794895,0.1062717261235835,840,47
min_changed_plus_0,2023-01-11,Optimal,Optimal,Optimal,0,0,41,41,41,117702,0,0.8989593188268685,0.89895932,0.04546305020945607,0.10554458464042274,840,47
min_changed_plus_2,2023-01-11,Optimal,Optimal,Optimal,2,0,41,43,43,117702,0,0.8989593188268685,0.89895932,0.04492444309074438,0.10485714849056053,840,47
min_changed_plus_5,2023-01-11,Optimal,Optimal,Optimal,5,0,41,46,46,117702,0,0.8989593188268685,0.89895932,0.04480221694347251,0.10480749590835459,840,47
min_changed_plus_0,2023-01-12,Optimal,Optimal,Optimal,0,0,41,41,41,115383,0,1.1662170639899623,1.1662171,0.04613549376361987,0.11157041946111093,839,47
min_changed_plus_2,2023-01-12,Optimal,Optimal,Optimal,2,0,41,43,43,115383,0,1.1662170639899623,1.1662171,0.04592301438937426,0.11115877786236661,839,47
min_changed_plus_5,2023-01-12,Optimal,Optimal,Optimal,5,0,41,46,44,115383,0,1.1662170639899623,1.1662171,0.046959938151129255,0.11502100588009155,839,47
min_changed_plus_0,2023-01-13,Optimal,Optimal,Optimal,0,16196,63,63,63,131176,16196,1.1224329627207326,1.122433,0.06911301817711395,0.18176856272574782,839,47
min_changed_plus_2,2023-01-13,Optimal,Optimal,Optimal,2,16196,63,65,65,131176,16196,1.1224329627207326,1.122433,0.06970086055216758,0.18333661833915837,839,47
min_changed_plus_5,2023-01-13,Optimal,Optimal,Optimal,5,16196,63,68,67,131176,16196,1.1224329627207326,1.122433,0.0709919532790769,0.18642928074565265,839,47
min_changed_plus_0,2023-01-14,Optimal,Optimal,Optimal,0,0,46,46,46,127723,0,0.9932923056885156,0.99329231,0.04883299874767452,0.1291751887498355,840,47
min_changed_plus_2,2023-01-14,Optimal,Optimal,Optimal,2,0,46,48,48,127723,0,0.9841099280388135,0.98410993,0.05197543392375356,0.13725535490415006,840,47
min_changed_plus_5,2023-01-14,Optimal,Optimal,Optimal,5,0,46,51,51,127723,0,0.979811793819804,0.97981179,0.05495471258459777,0.1455451455016377,840,47
min_changed_plus_0,2023-01-15,Optimal,Optimal,Optimal,0,0,42,42,42,118927,0,0.9289962062954988,0.92899621,0.04598146249521216,0.11667068779851054,840,47
min_changed_plus_2,2023-01-15,Optimal,Optimal,Optimal,2,0,42,44,44,118927,0,0.9289962062954988,0.92899621,0.04608448657590706,0.11661642541578887,840,47
min_changed_plus_5,2023-01-15,Optimal,Optimal,Optimal,5,0,42,47,47,118927,0,0.9289962062954988,0.92899621,0.04920938013114575,0.1262357117625676,840,47
min_changed_plus_0,2023-01-16,Optimal,Optimal,Optimal,0,2865,41,41,41,126791,2865,0.9626530663141881,0.96265307,0.04622654638315842,0.11157364387145634,840,47
min_changed_plus_2,2023-01-16,Optimal,Optimal,Optimal,2,2865,41,43,43,126791,2865,0.9626530663141881,0.96265307,0.046043440579391616,0.11062324132462133,840,47
min_changed_plus_5,2023-01-16,Optimal,Optimal,Optimal,5,2865,41,46,46,126791,2865,0.9626530663141881,0.96265307,0.04613726226333472,0.11059533729430006,840,47
min_changed_plus_0,2023-01-17,Optimal,Optimal,Optimal,0,0,42,42,42,124897,0,0.9605678747028752,0.96056787,0.04829948037796405,0.11478300503397804,840,47
min_changed_plus_2,2023-01-17,Optimal,Optimal,Optimal,2,0,42,44,44,124897,0,0.898306148055207,0.89830615,0.048659299726254164,0.12002144921930107,840,47
min_changed_plus_5,2023-01-17,Optimal,Optimal,Optimal,5,0,42,47,47,124897,0,0.895053889485852,0.89505389,0.04923355885767549,0.12255188039112432,840,47
min_changed_plus_0,2023-01-18,Optimal,Optimal,Optimal,0,0,41,41,41,117454,0,1.155633684915453,1.1556337,0.04561451088316039,0.11429680531682132,839,47
min_changed_plus_2,2023-01-18,Optimal,Optimal,Optimal,2,0,41,43,43,117454,0,1.155633684915453,1.1556337,0.04680805181299516,0.11853038082250847,839,47
min_changed_plus_5,2023-01-18,Optimal,Optimal,Optimal,5,0,41,46,45,117454,0,1.155633684915453,1.1556337,0.04687662660927477,0.11860989170746765,839,47
min_changed_plus_0,2023-01-19,Optimal,Optimal,Optimal,0,0,41,41,41,103072,0,0.8251144538914323,0.82511445,0.042927258468564176,0.10392241128526748,840,47
min_changed_plus_2,2023-01-19,Optimal,Optimal,Optimal,2,0,41,43,43,103072,0,0.8251144538914323,0.82511445,0.042395428798419975,0.1026010096694523,840,47
min_changed_plus_5,2023-01-19,Optimal,Optimal,Optimal,5,0,41,46,46,103072,0,0.8251144538914323,0.82511445,0.04242112209777452,0.10253125649151061,840,47
min_changed_plus_0,2023-01-20,Optimal,Optimal,Optimal,0,0,41,41,41,82427,0,0.7211530740611868,0.72115307,0.033432715639506644,0.08054654507776574,840,47
min_changed_plus_2,2023-01-20,Optimal,Optimal,Optimal,2,0,41,43,43,82427,0,0.7211530740611868,0.72115307,0.033054657346074344,0.07977796596011168,840,47
min_changed_plus_5,2023-01-20,Optimal,Optimal,Optimal,5,0,41,46,44,82427,0,0.7211530740611868,0.72115307,0.03304279963246428,0.07975021857260824,840,47
min_changed_plus_0,2023-01-21,Optimal,Optimal,Optimal,0,0,41,41,41,41054,0,0.19258049838066432,0.1925805,0.015414020517658097,0.03306626675838924,840,47
min_changed_plus_2,2023-01-21,Optimal,Optimal,Optimal,2,0,41,43,43,41054,0,0.19258049838066432,0.1925805,0.015439202020916764,0.0330226442021586,840,47
min_changed_plus_5,2023-01-21,Optimal,Optimal,Optimal,5,0,41,46,43,41054,0,0.19258049838066432,0.1925805,0.015439202020916764,0.0330226442021586,840,47
min_changed_plus_0,2023-01-22,Optimal,Optimal,Optimal,0,0,41,41,41,54179,0,0.5127004095179465,0.51270041,0.021891386954071286,0.05279248082399484,840,47
min_changed_plus_2,2023-01-22,Optimal,Optimal,Optimal,2,0,41,43,43,54179,0,0.5127004095179465,0.51270041,0.021901287372199665,0.05271853219886452,840,47
min_changed_plus_5,2023-01-22,Optimal,Optimal,Optimal,5,0,41,46,43,54179,0,0.5127004095179465,0.51270041,0.021901287372199665,0.05271853219886452,840,47
min_changed_plus_0,2023-01-23,Optimal,Optimal,Optimal,0,0,41,41,41,62034,0,0.9091769157994324,0.90917692,0.02534765002597754,0.0677227827948599,840,47
min_changed_plus_2,2023-01-23,Optimal,Optimal,Optimal,2,0,41,43,43,62034,0,0.9091769157994324,0.90917692,0.025304558226696732,0.06771427003492005,840,47
min_changed_plus_5,2023-01-23,Optimal,Optimal,Optimal,5,0,41,46,43,62034,0,0.9091769157994324,0.90917692,0.025304558226696732,0.06771427003492005,840,47
min_changed_plus_0,2023-01-24,Optimal,Optimal,Optimal,0,0,41,41,41,71637,0,0.6206244087038789,0.62062441,0.02926753989690792,0.07359698688214018,840,47
min_changed_plus_2,2023-01-24,Optimal,Optimal,Optimal,2,0,41,43,43,71637,0,0.6206244087038789,0.62062441,0.029084338578274836,0.07293905851664839,840,47
min_changed_plus_5,2023-01-24,Optimal,Optimal,Optimal,5,0,41,46,46,71637,0,0.6206244087038789,0.62062441,0.028784798687426474,0.07233890847626762,840,47
min_changed_plus_0,2023-01-25,Optimal,Optimal,Optimal,0,0,41,41,41,85008,0,0.8482497634815516,0.84824976,0.03259536989857918,0.0819886744584237,840,47
min_changed_plus_2,2023-01-25,Optimal,Optimal,Optimal,2,0,41,43,43,85008,0,0.8482497634815516,0.84824976,0.03205986732718093,0.08169056385289798,840,47
min_changed_plus_5,2023-01-25,Optimal,Optimal,Optimal,5,0,41,46,46,85008,0,0.8482497634815516,0.84824976,0.03203765798482106,0.08167223612628043,840,47
min_changed_plus_0,2023-01-26,Optimal,Optimal,Optimal,0,0,41,41,41,84075,0,0.6902896623825271,0.69028966,0.03209804375498124,0.07873622325291646,840,47
min_changed_plus_2,2023-01-26,Optimal,Optimal,Optimal,2,0,41,43,43,84075,0,0.6902896623825271,0.69028966,0.03163120298227132,0.07723785262354288,840,47
min_changed_plus_5,2023-01-26,Optimal,Optimal,Optimal,5,0,41,46,45,84075,0,0.6902896623825271,0.69028966,0.03161680301012464,0.07720754904653691,840,47
min_changed_plus_0,2023-01-27,Optimal,Optimal,Optimal,0,0,41,41,41,87628,0,0.6301980704326186,0.63019807,0.0323900105288402,0.07533595540637968,840,47
min_changed_plus_2,2023-01-27,Optimal,Optimal,Optimal,2,0,41,43,43,87628,0,0.6301980704326186,0.63019807,0.03220093975559998,0.07483252662548147,840,47
min_changed_plus_5,2023-01-27,Optimal,Optimal,Optimal,5,0,41,46,45,87628,0,0.6301980704326186,0.63019807,0.031876530893569115,0.07463931689512414,840,47
min_changed_plus_0,2023-01-28,Optimal,Optimal,Optimal,0,0,41,41,41,85543,0,0.8553481067876462,0.85534811,0.03411423474453914,0.08736276707451085,840,47
min_changed_plus_2,2023-01-28,Optimal,Optimal,Optimal,2,0,41,43,43,85543,0,0.8553481067876462,0.85534811,0.03367303731654067,0.08650012636204875,840,47
min_changed_plus_5,2023-01-28,Optimal,Optimal,Optimal,5,0,41,46,46,85543,0,0.8553481067876462,0.85534811,0.033649455017115554,0.08648303882055898,840,47
min_changed_plus_0,2023-01-29,Optimal,Optimal,Optimal,0,0,41,41,41,88080,0,1.204407784508313,1.2044078,0.03567778626083994,0.09399760151021593,839,47
min_changed_plus_2,2023-01-29,Optimal,Optimal,Optimal,2,0,41,43,43,88080,0,1.204407784508313,1.2044078,0.03539363236147465,0.09521882838438354,839,47
min_changed_plus_5,2023-01-29,Optimal,Optimal,Optimal,5,0,41,46,44,88080,0,1.204407784508313,1.2044078,0.035818129277894614,0.09592408821487068,839,47
min_changed_plus_0,2023-01-30,Optimal,Optimal,Optimal,0,0,41,41,41,94670,0,1.1292692357262535,1.1292692,0.03741862076391533,0.0988528013847731,838,47
min_changed_plus_2,2023-01-30,Optimal,Optimal,Optimal,2,0,41,43,43,94670,0,1.1292692357262535,1.1292692,0.036705325812162556,0.09781949745647993,838,47
min_changed_plus_5,2023-01-30,Optimal,Optimal,Optimal,5,0,41,46,45,94670,0,1.1292692357262535,1.1292692,0.03867868509963268,0.10700713427701054,838,47
min_changed_plus_0,2023-01-31,Optimal,Optimal,Optimal,0,0,41,41,41,89789,0,1.0286119345276452,1.0286119,0.036421850546755626,0.0922134830035355,839,47
min_changed_plus_2,2023-01-31,Optimal,Optimal,Optimal,2,0,41,43,43,89789,0,1.0286119345276452,1.0286119,0.03640244609222976,0.09218333259195316,839,47
min_changed_plus_5,2023-01-31,Optimal,Optimal,Optimal,5,0,41,46,44,89789,0,1.0286119345276452,1.0286119,0.037828938304280336,0.09800155871950643,839,47
