task_id,original_price,recommended_price,price_change,original_probability,recommended_probability,probability_change
A0001,66.0,74.0,8.0,0.34387688083547585,0.44646229261591164,0.10258541178043579
A0002,65.5,73.5,8.0,0.20338947570449586,0.2820828587683909,0.07869338306389503
A0003,65.5,73.5,8.0,0.233727943950429,0.31945236914812036,0.08572442519769136
A0004,75.0,83.0,8.0,0.6403954115803158,0.7326619779032874,0.09226656632297159
A0005,65.5,73.5,8.0,0.2880077426430243,0.3836723382208787,0.0956645955778544
A0006,75.0,83.0,8.0,0.6333425633786072,0.7266463019384604,0.09330373855985319
A0007,65.5,73.5,8.0,0.24946316411310276,0.33841004906880834,0.08894688495570557
A0008,65.5,73.5,8.0,0.2978263221935654,0.3949431863927579,0.09711686419919247
A0009,66.0,74.0,8.0,0.4856659436442267,0.5923618757150785,0.10669593207085176
A0010,66.0,74.0,8.0,0.2454086352456056,0.3335523407141734,0.08814370546856778
A0011,65.5,73.5,8.0,0.30074949324489186,0.3982788959576605,0.09752940271276861
A0012,65.5,73.5,8.0,0.32836599966015273,0.42935214352023593,0.1009861438600832
A0013,65.5,73.5,8.0,0.30464858219364105,0.4027141998188525,0.09806561762521143
A0014,66.0,74.0,8.0,0.3538946921450922,0.45738531658153186,0.10349062443643964
A0015,66.0,74.0,8.0,0.3575588052362898,0.46135582050127283,0.10379701526498303
A0016,66.0,74.0,8.0,0.2975421482041851,0.394618424697849,0.0970762764936639
A0017,65.5,73.5,8.0,0.3172171268934915,0.4169028498264908,0.09968572293299927
A0018,66.0,74.0,8.0,0.42929947724988227,0.5365297956685856,0.10723031841870334
A0019,65.5,73.5,8.0,0.3054903846974125,0.4036696688862485,0.09817928418883598
A0020,66.0,74.0,8.0,0.33034377042066937,0.43154734200101935,0.10120357158034998
A0021,66.0,74.0,8.0,0.4819434102540008,0.5887576776284094,0.10681426737440858
A0022,65.0,73.0,8.0,0.3275887572736143,0.4284883657174973,0.10089960844388302
A0023,65.5,73.5,8.0,0.3309005731411602,0.43216464082266554,0.10126406768150531
A0024,66.5,74.5,8.0,0.2869924158129957,0.3825009405959868,0.0955085247829911
A0025,67.5,75.5,8.0,0.31678504272222335,0.4164177945102531,0.09963275178802977
A0026,66.0,74.0,8.0,0.33571165737841074,0.43748537860540726,0.10177372122699652
A0027,65.5,73.5,8.0,0.30914305311687196,0.407806940249612,0.09866388713274005
A0028,66.5,74.5,8.0,0.2971875028109323,0.39421300610988097,0.09702550329894866
A0029,66.0,74.0,8.0,0.38249502440983746,0.48803187491518546,0.105536850505348
A0030,68.0,76.0,8.0,0.46558912694938065,0.5727863167623747,0.10719718981299403
A0031,67.0,75.0,8.0,0.18878610481896674,0.2636996655685478,0.07491356074958105
A0032,65.5,73.5,8.0,0.3172393822953606,0.4169278283940281,0.0996884460986675
A0033,65.5,73.5,8.0,0.29643694837648693,0.3933545570748389,0.09691760869835198
A0034,66.0,74.0,8.0,0.28606231427712586,0.38142689386905976,0.0953645795919339
A0035,66.5,74.5,8.0,0.18857924564830555,0.26343737788549837,0.07485813223719281
A0036,65.5,73.5,8.0,0.30537769569979883,0.40354180692168345,0.09816411122188462
A0037,70.0,78.0,8.0,0.37897222081013954,0.4842993953128824,0.10532717450274287
A0038,75.0,83.0,8.0,0.6362347546913619,0.7291172947610015,0.09288254006963959
A0039,66.5,74.5,8.0,0.3142545645009321,0.41357321492618265,0.09931865042525057
A0040,66.0,74.0,8.0,0.16361321684058475,0.23138697088321858,0.06777375404263383
A0041,65.0,73.0,8.0,0.34921094147976967,0.4522906963890357,0.10307975490926602
A0042,66.5,74.5,8.0,0.3542144556570546,0.4577323429355893,0.10351788727853467
A0043,67.0,75.0,8.0,0.35342663101020555,0.45687716767167896,0.10345053666147341
A0044,69.0,77.0,8.0,0.2540922299490726,0.34393327819579717,0.08984104824672456
A0045,66.0,74.0,8.0,0.16211980819224617,0.22944464947859392,0.06732484128634775
A0046,66.0,74.0,8.0,0.22187517934076026,0.30498260202164656,0.0831074226808863
A0047,67.0,75.0,8.0,0.23200306350382158,0.3173568640890148,0.08535380058519323
A0048,67.0,75.0,8.0,0.21804730338103784,0.3002742210839268,0.08222691770288898
A0049,68.5,76.5,8.0,0.26410070112183537,0.3557925469996345,0.0916918458777991
A0050,70.0,78.0,8.0,0.34821253315383494,0.45120190520512043,0.1029893720512855
A0051,66.5,74.5,8.0,0.28336969029677,0.3783122852185615,0.09494259492179147
A0052,65.5,73.5,8.0,0.3573140191915043,0.46109097548103106,0.10377695628952677
A0053,70.0,78.0,8.0,0.39208653734566445,0.49813497566211323,0.10604843831644878
A0054,67.0,75.0,8.0,0.4291243120165214,0.5363519971070972,0.10722768509057584
A0055,67.0,75.0,8.0,0.36147931830333213,0.4655896302670061,0.10411031196367398
A0056,73.0,81.0,8.0,0.5600612303460075,0.6620628131972078,0.10200158285120031
A0057,66.0,74.0,8.0,0.3492715004496424,0.45235670585776144,0.10308520540811905
A0058,69.0,77.0,8.0,0.4668250229441031,0.5740011325167572,0.10717610957265411
A0059,66.0,74.0,8.0,0.18311325835559086,0.25648747784152387,0.073374219485933
A0060,65.5,73.5,8.0,0.2511663052790674,0.3404449961150665,0.0892786908359991
A0061,65.5,73.5,8.0,0.342939686282654,0.4454353207864541,0.10249563450380011
A0062,67.5,75.5,8.0,0.2412103013481761,0.3285025419162345,0.08729224056805843
A0063,75.0,83.0,8.0,0.6362347546913619,0.7291172947610015,0.09288254006963959
A0064,73.0,81.0,8.0,0.6134845029217783,0.7095238988794779,0.09603939595769961
A0065,67.0,75.0,8.0,0.38418339099345467,0.48981657028527986,0.1056331792918252
A0066,67.0,75.0,8.0,0.31507648444236924,0.4144978848207188,0.09942140037834957
A0067,65.0,73.0,8.0,0.16830278079226316,0.23746756551485737,0.06916478472259421
A0068,65.5,73.5,8.0,0.35866017932934485,0.462546722140862,0.10388654281151716
A0069,66.0,74.0,8.0,0.31792539382127305,0.41769752921982994,0.0997721353985569
A0070,66.5,74.5,8.0,0.27542653783411436,0.3690784334834348,0.09365189564932042
A0071,70.0,78.0,8.0,0.47199727969547367,0.5790711704525835,0.10707389075710982
A0072,66.5,74.5,8.0,0.27194359953242203,0.3650077996914159,0.09306420015899386
A0073,66.0,74.0,8.0,0.31329166660769076,0.4124890516499065,0.09919738504221576
A0074,66.5,74.5,8.0,0.1831959069773866,0.25659284149604267,0.07339693451865606
A0075,66.5,74.5,8.0,0.1714237570551179,0.24149870036137913,0.07007494330626124
A0076,68.5,76.5,8.0,0.3210909729524561,0.421243005076388,0.10015203212393192
A0077,65.5,73.5,8.0,0.38068887316689853,0.4861196912414419,0.10543081807454335
A0078,66.5,74.5,8.0,0.27542653783411436,0.3690784334834348,0.09365189564932042
A0079,71.0,79.0,8.0,0.6018657863993655,0.6993774603959946,0.09751167399662908
A0080,66.0,74.0,8.0,0.1573267970865545,0.2231914090787271,0.06586461199217258
A0081,70.0,78.0,8.0,0.3040328115335603,0.40201481140103934,0.09798199986747902
A0082,67.0,75.0,8.0,0.22425059405349143,0.30789570527675947,0.08364511122326804
A0083,66.0,74.0,8.0,0.13192477859790244,0.18954695391816448,0.05762217532026204
A0084,65.5,73.5,8.0,0.1593970224064326,0.225895994975713,0.06649897256928039
A0085,66.0,74.0,8.0,0.21492980281686525,0.29642675593829454,0.0814969531214293
A0086,66.5,74.5,8.0,0.27971076199582023,0.3740673444743194,0.09435658247849915
A0087,66.0,74.0,8.0,0.2682750281359248,0.36070577216108046,0.09243074402515566
A0088,70.0,78.0,8.0,0.2780193209042142,0.37210008181726506,0.09408076091305084
A0089,66.5,74.5,8.0,0.18681407796985353,0.2611970673220209,0.07438298935216739
A0090,70.0,78.0,8.0,0.42878784171094086,0.5360103920153695,0.10722255030442862
A0091,65.5,73.5,8.0,0.1545187350229853,0.21951399438511585,0.06499525936213055
A0092,67.0,75.0,8.0,0.43707132078004485,0.5443911311175218,0.10731981033747695
A0093,70.0,78.0,8.0,0.38592624733982633,0.4916560440969293,0.10572979675710298
A0094,66.0,74.0,8.0,0.203666331902746,0.2824288557888601,0.07876252388611413
A0095,65.5,73.5,8.0,0.30687230611320443,0.40523657481087877,0.09836426869767434
A0096,67.0,75.0,8.0,0.44212263313020755,0.5494720926925267,0.10734945956231917
A0097,65.5,73.5,8.0,0.3441379556959603,0.4467482209419058,0.10261026524594552
A0098,65.5,73.5,8.0,0.3532673263033104,0.4567041699590409,0.10343684365573047
A0099,66.0,74.0,8.0,0.2682750281359248,0.36070577216108046,0.09243074402515566
A0100,66.0,74.0,8.0,0.14634825543612826,0.20875532188845086,0.06240706645232261
A0101,66.5,74.5,8.0,0.43177728743312455,0.5390419385936284,0.10726465116050382
A0102,70.0,78.0,8.0,0.3034001307596933,0.4012958010361129,0.0978956702764196
A0103,66.0,74.0,8.0,0.4194513844926117,0.5264911500613463,0.10703976556873457
A0104,70.0,78.0,8.0,0.41116594391149625,0.5179778263570761,0.10681188244557988
A0105,65.0,73.0,8.0,0.35003292772986316,0.4531863546845487,0.10315342695468555
A0106,67.5,75.5,8.0,0.21526292588488677,0.29683843276676214,0.08157550688187537
A0107,70.0,78.0,8.0,0.25694538673339096,0.34732550093839765,0.09038011420500669
A0108,66.0,74.0,8.0,0.2152456812450045,0.2968171249186847,0.08157144367368022
A0109,65.5,73.5,8.0,0.27441375043997424,0.367896125611438,0.09348237517146374
A0110,68.5,76.5,8.0,0.25398896338708526,0.34381032872308315,0.08982136533599788
A0111,70.5,78.5,8.0,0.42341031988182004,0.5305371162977371,0.1071267964159171
A0112,65.5,73.5,8.0,0.3073771089076671,0.4058084514008051,0.09843134249313801
A0113,66.5,74.5,8.0,0.19630592578653921,0.2731985385395398,0.07689261275300058
A0114,66.5,74.5,8.0,0.3407442277525731,0.4430261198054987,0.1022818920529256
A0115,67.0,75.0,8.0,0.23834736500424775,0.32504735993262357,0.08669999492837582
A0116,66.0,74.0,8.0,0.2433546266188059,0.33108428229285064,0.08772965567404473
A0117,67.0,75.0,8.0,0.4399848538143606,0.5473244947235136,0.10733964090915304
A0118,65.5,73.5,8.0,0.30716710979143497,0.40557058186170464,0.09840347207026967
A0119,66.0,74.0,8.0,0.28065005710136054,0.3751584640747875,0.09450840697342694
A0120,65.5,73.5,8.0,0.3359776924317627,0.4377789139788899,0.10180122154712723
A0121,65.0,73.0,8.0,0.3469024743054677,0.4497717532823302,0.10286927897686249
A0122,66.5,74.5,8.0,0.3252199156114404,0.42585198766200805,0.10063207205056762
A0123,65.5,73.5,8.0,0.28951613711033986,0.38541054780618894,0.09589441069584909
A0124,66.0,74.0,8.0,0.2826125332949368,0.3774350544206587,0.09482252112572193
A0125,66.0,74.0,8.0,0.3513136233018622,0.45458050535436867,0.10326688205250645
A0126,75.0,67.0,-8.0,0.9784688125315553,0.9672450130769978,-0.011223799454557426
A0127,65.5,73.5,8.0,0.4020942651284212,0.508584975896147,0.10649071076772582
A0128,65.5,73.5,8.0,0.5057327559014118,0.6115950413777212,0.10586228547630949
A0129,66.5,72.5,6.0,0.7558177535250576,0.8104908583989304,0.05467310487387278
A0130,65.0,73.0,8.0,0.5082343732937712,0.6139698402124293,0.1057354669186581
A0131,65.5,73.5,8.0,0.404755326944641,0.5113480638986766,0.1065927369540356
A0132,65.0,73.0,8.0,0.3559048164516772,0.4595651553659033,0.1036603389142261
A0133,75.0,72.0,-3.0,0.8331527771759966,0.8094560778742608,-0.02369669930173579
A0134,65.0,73.0,8.0,0.3793585232328466,0.48470926473585646,0.10535074150300988
A0135,65.5,73.5,8.0,0.3889136647270611,0.49480242757504656,0.10588876284798543
A0136,68.5,76.5,8.0,0.5507384146661829,0.6535644768555402,0.1028260621893573
A0137,65.5,73.5,8.0,0.4731902293941825,0.5802373476738695,0.10704711827968699
A0138,65.5,73.5,8.0,0.4463585836433216,0.5537157156708481,0.1073571320275265
A0139,68.0,76.0,8.0,0.49224657926127313,0.5987053589305004,0.10645877966922723
A0140,69.0,77.0,8.0,0.5485330393213662,0.6515444974686883,0.10301145814732204
A0141,66.5,74.5,8.0,0.6060829322167278,0.7030712994841519,0.0969883672674241
A0142,65.0,73.0,8.0,0.38833146432850324,0.49418990447792466,0.10585844014942142
A0143,66.0,74.0,8.0,0.5801984601805974,0.6801971514571017,0.09999869127650429
A0144,65.0,73.0,8.0,0.33596493804452554,0.43776484278384836,0.10179990473932282
A0145,65.0,73.0,8.0,0.4959342506398927,0.6022446113257179,0.10631036068582522
A0146,66.0,74.0,8.0,0.4413963501165255,0.5487429222824846,0.10734657216595905
A0147,66.0,74.0,8.0,0.5376140340488659,0.6414885558061209,0.10387452175725498
A0148,66.0,74.0,8.0,0.4621593070682689,0.5694082112959464,0.10724890422767752
A0149,66.0,74.0,8.0,0.46210870399836745,0.5693582963672348,0.10724959236886733
A0150,73.0,81.0,8.0,0.7008769654085474,0.7828864567985505,0.08200949139000313
A0151,66.5,74.5,8.0,0.6060829322167278,0.7030712994841519,0.0969883672674241
A0152,65.5,73.5,8.0,0.5890740467341055,0.688095093382138,0.09902104664803257
A0153,70.5,72.5,2.0,0.7910976022096391,0.8083503597037994,0.01725275749416033
A0154,67.0,75.0,8.0,0.5462033824414392,0.6494066551740966,0.10320327273265739
A0155,66.5,74.5,8.0,0.6060829322167278,0.7030712994841519,0.0969883672674241
A0156,65.5,73.5,8.0,0.588140613559886,0.6872671773356213,0.09912656377573525
A0157,73.5,81.5,8.0,0.6735870366655204,0.7605220417490073,0.08693500508348684
A0158,69.0,77.0,8.0,0.5638868225343464,0.6655311307155957,0.10164430818124925
A0159,66.0,74.0,8.0,0.37603209886959127,0.4811752564859976,0.10514315761640636
A0160,70.0,65.0,-5.0,0.9576578967106328,0.9452813251292579,-0.012376571581374951
A0161,75.0,79.5,4.5,0.754635507958852,0.7967295724131307,0.04209406445427866
A0162,70.0,78.0,8.0,0.5564890287157306,0.658814288923702,0.10232526020797139
A0163,66.0,74.0,8.0,0.5366622423923179,0.6406076461920274,0.10394540379970951
A0164,66.5,65.0,-1.5,0.9675319539143257,0.9648945590658814,-0.0026373948484442744
A0165,65.5,73.5,8.0,0.6036912976785431,0.7009779985497696,0.09728670087122648
A0166,69.0,73.0,4.0,0.7730226265689021,0.8086099083077486,0.03558728173884651
A0167,70.0,78.0,8.0,0.7077694755991975,0.788459624401757,0.08069014880255954
A0168,74.5,82.5,8.0,0.6283678658452875,0.722382623343752,0.09401475749846455
A0169,74.0,80.5,6.5,0.7285944773510937,0.792121942095416,0.06352746474432225
A0170,65.5,73.5,8.0,0.48733495499357715,0.5939741122432076,0.10663915724963047
A0171,67.5,75.5,8.0,0.3598976843665047,0.4638834077481384,0.1039857233816337
A0172,65.5,73.5,8.0,0.6036912976785431,0.7009779985497696,0.09728670087122648
A0173,66.5,74.5,8.0,0.5875112226769804,0.6867085769271476,0.09919735425016718
A0174,65.5,73.5,8.0,0.5655556441152435,0.6670406663539887,0.10148502223874523
A0175,65.0,73.0,8.0,0.5487046329151206,0.6517017989152087,0.10299716600008813
A0176,67.5,75.5,8.0,0.684773415294618,0.7697475238907282,0.08497410859611021
A0177,66.0,74.0,8.0,0.34031133459456475,0.4425505130178502,0.10223917842328545
A0178,70.0,65.0,-5.0,0.9754960870364047,0.968160252237406,-0.007335834798998686
A0179,67.0,75.0,8.0,0.5795971200632288,0.6796599663678462,0.10006284630461737
A0180,65.0,73.0,8.0,0.3546043370879838,0.458155329559706,0.10355099247172223
A0181,65.5,73.5,8.0,0.4341988130192278,0.5414917638696318,0.10729295085040402
A0182,65.5,73.5,8.0,0.42174765618907595,0.528839615007663,0.10709195881858702
A0183,65.5,73.5,8.0,0.3889136647270611,0.49480242757504656,0.10588876284798543
A0184,65.0,73.0,8.0,0.43912431226825327,0.5464588711751724,0.10733455890691918
A0185,65.5,73.5,8.0,0.4364681912443851,0.5437829647623906,0.10731477351800556
A0186,65.0,73.0,8.0,0.49432574084783687,0.6007022057262733,0.10637646487843644
A0187,65.5,73.5,8.0,0.49825169770452216,0.6044631128030615,0.10621141509853937
A0188,65.5,73.5,8.0,0.5025509405628664,0.6085672469064487,0.10601630634358228
A0189,69.5,65.0,-4.5,0.9795457038516386,0.974078216392834,-0.005467487458804654
A0190,65.5,73.5,8.0,0.5285373582664735,0.6330592105139387,0.10452185224746513
A0191,65.0,73.0,8.0,0.34982397089020745,0.4529587329905204,0.10313476210031297
A0192,65.0,73.0,8.0,0.5186106349709045,0.6237666509112081,0.10515601594030355
A0193,65.5,73.5,8.0,0.42380162520834563,0.5309362605921594,0.10713463538381374
A0194,66.0,72.5,6.5,0.749037735401631,0.8090342664800763,0.05999653107844527
A0195,65.5,73.5,8.0,0.5590156013835254,0.6611129237323168,0.10209732234879143
A0196,66.5,74.5,8.0,0.5248258912731641,0.6295939205393997,0.10476802926623552
A0197,65.0,73.0,8.0,0.3816172894883315,0.4871029970835749,0.1054857075952434
A0198,75.0,67.0,-8.0,0.9834592686343051,0.9747698204131585,-0.00868944822114659
A0199,74.5,66.5,-8.0,0.9819708070143846,0.9725212639207788,-0.009449543093605794
A0200,75.0,67.0,-8.0,0.9837468194471634,0.975204623524761,-0.008542195922402351
A0201,67.0,75.0,8.0,0.6084635627422167,0.7051509333745353,0.09668737063231858
A0202,70.0,78.0,8.0,0.6172489962898585,0.712790918911407,0.09554192262154848
A0203,67.0,75.0,8.0,0.6083000876390459,0.7050082558661758,0.09670816822712991
A0204,66.5,65.0,-1.5,0.9803244647321775,0.978703338742931,-0.0016211259892464636
A0205,66.5,65.0,-1.5,0.9804099959152424,0.9787957646661224,-0.0016142312491199684
A0206,70.0,65.0,-5.0,0.9835788062693257,0.9786096680234402,-0.004969138245885518
A0207,70.0,65.0,-5.0,0.9778088302244182,0.9711448902254749,-0.0066639399989433246
A0208,75.0,67.0,-8.0,0.9822665312996938,0.9729677177381081,-0.009298813561585684
A0209,70.0,65.0,-5.0,0.9778796120640827,0.971236302369696,-0.006643309694386645
A0210,67.0,75.0,8.0,0.6124967840616828,0.7086650553518454,0.09616827129016259
A0211,66.0,74.0,8.0,0.654229179103142,0.7443631929014788,0.09013401379833674
A0212,70.0,77.5,7.5,0.7276974450354555,0.8001317979369368,0.07243435290148126
A0213,68.0,76.0,8.0,0.4584974796047211,0.5657905434057585,0.10729306380103742
A0214,70.0,77.0,7.0,0.731859457249962,0.7991966310092766,0.06733717375931458
A0215,66.0,74.0,8.0,0.6559773337778253,0.7458326857549737,0.08985535197714845
A0216,70.5,78.5,8.0,0.6660807590212887,0.7542856736202935,0.08820491459900481
A0217,70.0,77.5,7.5,0.7296003253161628,0.8016664578498083,0.07206613253364547
A0218,66.0,74.0,8.0,0.36386535054066904,0.4681590136025107,0.10429366306184168
A0219,70.5,78.5,8.0,0.6214789789487072,0.7164500662732501,0.09497108732454296
A0220,65.0,73.0,8.0,0.5555901493817009,0.6579953412674284,0.1024051918857275
A0221,70.0,78.0,8.0,0.7106917099674073,0.7908134568161881,0.08012174684878082
A0222,75.0,67.0,-8.0,0.9796140814056744,0.9689683551090051,-0.010645726296669267
A0223,70.0,77.0,7.0,0.731144500859188,0.7986118132189141,0.06746731235972603
A0224,70.0,78.0,8.0,0.6052672537107124,0.702357826315615,0.09709057260490261
A0225,75.0,79.5,4.5,0.7562747181697101,0.7981627797632826,0.0418880615935725
A0226,75.0,83.0,8.0,0.6667868128986423,0.7548738590479243,0.08808704614928198
A0227,70.0,77.0,7.0,0.7356227717028505,0.8022702110076069,0.06664743930475636
A0228,65.5,73.5,8.0,0.5685868701825403,0.6697772512610329,0.10119038107849265
A0229,70.0,78.0,8.0,0.6267007901438842,0.7209499947700553,0.09424920462617103
A0230,66.0,74.0,8.0,0.4483559853084443,0.5557113212205901,0.1073553359121458
A0231,70.0,78.0,8.0,0.6149130257100552,0.7107648163442827,0.09585179063422744
A0232,70.0,74.5,4.5,0.7658656825189857,0.8065270738189689,0.04066139129998325
A0233,70.0,78.0,8.0,0.6772878798222239,0.7635831724535818,0.08629529263135782
A0234,70.0,78.0,8.0,0.6347951043442944,0.7278880224340958,0.09309291808980136
A0235,70.0,78.0,8.0,0.6718617997868761,0.7590919584879952,0.08723015870111905
A0236,70.0,78.0,8.0,0.6543265763344065,0.7444451185298752,0.09011854219546866
A0237,66.0,74.0,8.0,0.40366916814094117,0.5102210475309895,0.10655187939004834
A0238,70.0,78.0,8.0,0.6934506112756973,0.7768478997640262,0.08339728848832895
A0239,65.0,73.0,8.0,0.49505600067305866,0.6014027160325155,0.10634671535945683
A0240,70.0,78.0,8.0,0.6052672537107124,0.702357826315615,0.09709057260490261
A0241,65.5,73.5,8.0,0.5049864740846183,0.6108856172575615,0.10589914317294324
A0242,71.5,79.5,8.0,0.6773285587986994,0.7636167701263435,0.0862882113276442
A0243,65.5,73.5,8.0,0.3957283847903399,0.5019485208310844,0.10622013604074454
A0244,66.0,74.0,8.0,0.3639424186607445,0.4682419118070177,0.10429949314627318
A0245,70.0,77.0,7.0,0.736163148299151,0.8027108974348892,0.06654774913573824
A0246,66.5,74.5,8.0,0.5562879424340529,0.6586311369841713,0.10234319455011842
A0247,66.0,74.0,8.0,0.6055964621844436,0.7026458415549818,0.09704937937053815
A0248,65.0,73.0,8.0,0.41564736553806386,0.5225902176762146,0.10694285213815075
A0249,66.5,74.5,8.0,0.5555690218526292,0.6579760851316135,0.1024070632789843
A0250,65.5,73.5,8.0,0.4684731919639984,0.5756191788142826,0.1071459868502842
A0251,66.5,74.5,8.0,0.6442949448608289,0.7359734841689355,0.09167853930810654
A0252,67.0,75.0,8.0,0.6437588074057241,0.7355188058417577,0.09175999843603355
A0253,65.0,73.0,8.0,0.5158051630776811,0.6211263042199745,0.1053211411422934
A0254,65.5,73.5,8.0,0.42012592302520196,0.5271815121947182,0.10705558916951624
A0255,65.0,73.0,8.0,0.5121125160142763,0.6176414617347223,0.10552894572044602
A0256,65.5,73.5,8.0,0.5426129305159215,0.6461036928952163,0.10349076237929478
A0257,65.0,73.0,8.0,0.524855970974639,0.6296220485258953,0.10476607755125633
A0258,66.5,74.5,8.0,0.5884810421954295,0.6875691965098463,0.09908815431441675
A0259,68.0,76.0,8.0,0.7244770202941252,0.8018454881636594,0.07736846786953422
A0260,65.5,73.5,8.0,0.5449437347094614,0.6482489933561765,0.10330525864671503
A0261,69.0,77.0,8.0,0.5638868225343464,0.6655311307155957,0.10164430818124925
A0262,65.0,73.0,8.0,0.49466032604862736,0.6010232145419814,0.10636288849335401
A0263,65.0,73.0,8.0,0.4100795414037215,0.5168569257792048,0.10677738437548334
A0264,65.5,73.5,8.0,0.4963800997466278,0.6026717641350527,0.10629166438842497
A0265,65.5,73.5,8.0,0.48539479172247485,0.592099730490423,0.10670493876794812
A0266,75.0,67.0,-8.0,0.9834087819580556,0.9746934937285527,-0.008715288229502849
A0267,67.0,65.0,-2.0,0.9486544081787986,0.9431437749349406,-0.005510633243858032
A0268,70.0,65.0,-5.0,0.9576578967106328,0.9452813251292579,-0.012376571581374951
A0269,70.5,72.5,2.0,0.7925523198885513,0.8097138338834998,0.017161513994948474
A0270,66.0,65.0,-1.0,0.9572857924571223,0.9550272943969522,-0.002258498060170089
A0271,72.0,65.0,-7.0,0.9819161390310488,0.9738467992878401,-0.00806933974320867
A0272,68.0,76.0,8.0,0.5235213095243354,0.628373301903268,0.10485199237893261
A0273,75.0,67.0,-8.0,0.9828932757822821,0.9739143775781056,-0.008978898204176522
A0274,67.0,75.0,8.0,0.6071503926041456,0.7040042920290411,0.09685389942489553
A0275,65.5,73.5,8.0,0.3905782070031856,0.4965519123359681,0.10597370533278255
A0276,65.0,65.0,0.0,0.942036504942803,0.942036504942803,0.0
A0277,66.5,74.5,8.0,0.3958489968194788,0.502074608139269,0.10622561131979014
A0278,70.0,65.0,-5.0,0.9576578967106328,0.9452813251292579,-0.012376571581374951
A0279,66.0,74.0,8.0,0.4281876770469476,0.5354008184867762,0.10721314143982863
A0280,67.0,65.0,-2.0,0.9590263357110732,0.954575561554339,-0.004450774156734227
A0281,65.5,65.0,-0.5,0.9460036285325168,0.9446106994836342,-0.0013929290488826629
A0282,66.5,74.5,8.0,0.4275141503816201,0.5347163512024795,0.1072022008208594
A0283,68.0,65.0,-3.0,0.9365066877234575,0.9261885110419636,-0.010318176681493818
A0284,65.0,73.0,8.0,0.39746099283075015,0.503758486041897,0.10629749321114684
A0285,65.5,73.5,8.0,0.3865217257577025,0.49228387813694896,0.10576215237924647
A0286,65.5,73.5,8.0,0.38811354096305795,0.4939605492630258,0.10584700829996785
A0287,65.5,65.0,-0.5,0.9451411010945514,0.9437272452276758,-0.0014138558668755907
A0288,65.5,73.5,8.0,0.4731619609554232,0.5802097274636089,0.1070477665081857
A0289,65.0,73.0,8.0,0.3962982305801081,0.502544116379754,0.10624588579964594
A0290,69.0,77.0,8.0,0.6673903006616915,0.7553763397680378,0.08798603910634628
A0291,65.0,73.0,8.0,0.39820797292781857,0.5045379586365213,0.10632998570870272
A0292,70.0,73.0,3.0,0.7804617333834923,0.8069040963261562,0.02644236294266389
A0293,65.0,65.0,0.0,0.9443466182955337,0.9443466182955337,0.0
A0294,67.5,75.5,8.0,0.608986505127991,0.7056072189744298,0.09662071384643878
A0295,70.0,71.5,1.5,0.7997189748378779,0.8123523576219767,0.012633382784098757
A0296,70.0,78.0,8.0,0.5448840416506392,0.6481941031235023,0.10331006147286315
A0297,70.0,75.5,5.5,0.7536090152542927,0.8044477333868515,0.0508387181325588
A0298,75.0,75.5,0.5,0.8001744754631022,0.8044477333868515,0.0042732579237493296
A0299,70.0,74.0,4.0,0.7714501706235704,0.8072225112901151,0.03577234066654478
A0300,70.0,73.5,3.5,0.7759861426782223,0.8070615255531812,0.031075382874958923
A0301,70.0,73.0,3.0,0.7813505089085488,0.807712197352563,0.02636168844401421
A0302,70.0,72.0,2.0,0.7921951636856385,0.8093791177552805,0.017183954069642016
A0303,75.0,75.5,0.5,0.8001744754631022,0.8044477333868515,0.0042732579237493296
A0304,70.0,71.5,1.5,0.7970182775351786,0.8097814955053454,0.012763217970166774
A0305,66.5,74.5,8.0,0.6554613966643626,0.7453992036063208,0.08993780694195819
A0306,70.0,70.0,0.0,0.8131711386666713,0.8131711386666713,0.0
A0307,70.0,74.5,4.5,0.7659625390083366,0.8066113569483953,0.0406488179400587
A0308,70.0,78.0,8.0,0.5581034677043979,0.6602836343867177,0.10218016668231977
A0309,65.5,73.5,8.0,0.5634231247193792,0.6651113222277423,0.10168819750836311
A0310,66.5,74.5,8.0,0.456133701482531,0.5634491839319878,0.10731548244945682
A0311,70.0,70.5,0.5,0.810300896135883,0.8144078283185708,0.004106932182687872
A0312,65.5,73.5,8.0,0.4483730410792541,0.5557283467547166,0.10735530567546253
A0313,67.5,75.5,8.0,0.5376733656000579,0.6415434456039166,0.10387008000385878
A0314,65.5,73.5,8.0,0.41728283437164887,0.524268952886994,0.10698611851534517
A0315,66.0,74.0,8.0,0.6457230794604234,0.737183681112962,0.09146060165253855
A0316,65.5,73.5,8.0,0.5118816612725433,0.6174232373313925,0.10554157605884917
A0317,65.5,73.5,8.0,0.5208723090872345,0.6258906681212625,0.10501835903402801
A0318,65.5,73.5,8.0,0.5124396166551177,0.617950593452062,0.10551097679694432
A0319,65.5,73.5,8.0,0.6955984418806753,0.7785979689438737,0.08299952706319835
A0320,65.0,73.0,8.0,0.5395820069050258,0.6433077489347511,0.10372574202972529
A0321,69.0,73.0,4.0,0.7730226265689021,0.8086099083077486,0.03558728173884651
A0322,66.0,74.0,8.0,0.5878367138935413,0.6869974945868146,0.09916078069327328
A0323,65.5,73.5,8.0,0.4753667597564615,0.5823619560532651,0.10699519629680365
A0324,65.0,73.0,8.0,0.5961698776623,0.694368185714718,0.09819830805241803
A0325,65.5,73.5,8.0,0.5579438931157314,0.6601384886996653,0.10219459558393384
A0326,65.5,73.5,8.0,0.5621416176159145,0.6639502731727767,0.10180865555686214
A0327,66.0,74.0,8.0,0.4218561037955818,0.5289504104661,0.10709430667051822
A0328,66.0,71.5,5.5,0.7601060527036045,0.8099422981938542,0.049836245490249675
A0329,65.0,73.0,8.0,0.6199844189808723,0.7151586254864589,0.09517420650558661
A0330,65.5,73.5,8.0,0.5978077711885594,0.6958110160315715,0.09800324484301204
A0331,65.5,73.5,8.0,0.5329903675115888,0.6372026453425308,0.104212277830942
A0332,65.0,73.0,8.0,0.46615688593858623,0.5733445522918256,0.10718766635323934
A0333,65.5,73.5,8.0,0.5434023963776524,0.6468307937259707,0.10342839734831832
A0334,65.0,73.0,8.0,0.5806539403361257,0.6806038614020878,0.09994992106596212
A0335,69.0,73.0,4.0,0.7730226265689021,0.8086099083077486,0.03558728173884651
A0336,65.5,73.5,8.0,0.5764073965011094,0.6768061021812715,0.10039870568016207
A0337,65.5,73.5,8.0,0.5557973823983018,0.6581842005127839,0.10238681811448214
A0338,65.0,73.0,8.0,0.46638215896323787,0.5735659709879191,0.10718381202468119
A0339,65.0,73.0,8.0,0.618788261390597,0.7141239085050171,0.09533564711442011
A0340,65.5,73.5,8.0,0.64132088228191,0.7334488291165012,0.09212794683459125
A0341,69.0,73.0,4.0,0.7730226265689021,0.8086099083077486,0.03558728173884651
A0342,66.5,74.5,8.0,0.6554613966643626,0.7453992036063208,0.08993780694195819
A0343,65.5,73.5,8.0,0.5415625465731888,0.6451355430732826,0.10357299650009377
A0344,66.0,74.0,8.0,0.5903906328961434,0.6892617758129383,0.098871142916795
A0345,65.5,73.5,8.0,0.597543895544166,0.6955786965805979,0.09803480103643192
A0346,65.5,73.5,8.0,0.6886379330500165,0.7729157633778421,0.08427783032782554
A0347,66.0,74.0,8.0,0.5046070840960128,0.6105247927346644,0.10591770863865158
A0348,65.5,73.5,8.0,0.4221340891442344,0.5292343659133035,0.10710027676906914
A0349,65.5,73.5,8.0,0.6070934225545432,0.703954518920929,0.09686109636638573
A0350,65.0,73.0,8.0,0.5083627629125624,0.6140915855650512,0.10572882265248873
A0351,65.5,73.5,8.0,0.5309719636176274,0.6353264773885005,0.10435451377087301
A0352,65.5,73.5,8.0,0.5588564275662917,0.6609682519729964,0.10211182440670463
A0353,65.5,73.5,8.0,0.4826791458258565,0.5894709349123456,0.10679178908648906
A0354,66.5,74.5,8.0,0.4867389081688766,0.5933986049208086,0.10665969675193204
A0355,65.5,73.5,8.0,0.2352545705721394,0.3213041373309557,0.08604956675881631
A0356,65.5,73.5,8.0,0.3345633746807564,0.4362175785345849,0.1016542038538285
A0357,72.5,80.5,8.0,0.43685459195245957,0.544172629193834,0.10731803724137445
A0358,66.5,74.5,8.0,0.2238841915336971,0.30744679960596183,0.08356260807226473
A0359,66.0,74.0,8.0,0.1776503690232499,0.24950418017080178,0.07185381114755188
A0360,65.5,73.5,8.0,0.22124659693994728,0.3042106214001432,0.08296402446019593
A0361,65.5,73.5,8.0,0.33027162690112694,0.43146733714046764,0.10119571023934071
A0362,66.0,74.0,8.0,0.4005042825322872,0.506930921832693,0.10642663930040575
A0363,68.0,76.0,8.0,0.7237134484752766,0.8012375062529927,0.0775240577777161
A0364,65.0,73.0,8.0,0.19825110863604872,0.27564432700016783,0.07739321836411911
A0365,65.5,73.5,8.0,0.6303620969664363,0.7240938741187395,0.09373177715230319
A0366,66.0,74.0,8.0,0.5042458068248629,0.6101810867361409,0.10593527991127805
A0367,65.5,73.5,8.0,0.6055629131304816,0.7026164939568305,0.09705358082634885
A0368,65.5,73.5,8.0,0.5577195001321145,0.6599343530902331,0.10221485295811861
A0369,66.5,74.5,8.0,0.34840890923482903,0.4514161365460369,0.10300722731120787
A0370,66.0,74.0,8.0,0.6551750606120901,0.7451585517398566,0.08998349112776649
A0371,65.5,73.5,8.0,0.6058090662582912,0.702831801938168,0.09702273567987674
A0372,65.5,73.5,8.0,0.4189784092547076,0.5260068353565811,0.10702842610187352
A0373,68.0,65.0,-3.0,0.9785454202396963,0.9748755999293127,-0.0036698203103835425
A0374,75.0,67.0,-8.0,0.9702489077412756,0.9549375639268296,-0.015311343814445988
A0375,65.5,73.5,8.0,0.2729751362152041,0.3662147817707775,0.0932396455555734
A0376,65.0,73.0,8.0,0.4428897726993523,0.5502417816446704,0.1073520089453181
A0377,66.0,74.0,8.0,0.4274424030666469,0.5346434146374598,0.10720101157081291
A0378,65.0,73.0,8.0,0.35720452855977713,0.4609724936801024,0.10376796512032527
A0379,65.0,73.0,8.0,0.3557153436669583,0.45935985460078366,0.10364451093382537
A0380,66.0,65.0,-1.0,0.960756724362157,0.9586738277839882,-0.002082896578168736
A0381,65.5,73.5,8.0,0.49570902625854724,0.6020287699476996,0.10631974368915237
A0382,65.0,73.0,8.0,0.45663040208250444,0.5639415709882224,0.10731116890571796
A0383,66.0,74.0,8.0,0.4729399763698348,0.5799928099343452,0.1070528335645104
A0384,75.0,67.0,-8.0,0.9776139850468556,0.9659600823945698,-0.01165390265228583
A0385,75.0,81.5,6.5,0.727548348396502,0.7912505224561918,0.06370217405968981
A0386,65.0,73.0,8.0,0.5062684654467802,0.6121040166379293,0.10583555119114918
A0387,65.5,73.5,8.0,0.5408380738213068,0.6444672944196489,0.10362922059834212
A0388,72.0,65.0,-7.0,0.9853625296648437,0.9787978245324473,-0.006564705132396376
A0389,65.5,73.5,8.0,0.4364681912443851,0.5437829647623906,0.10731477351800556
A0390,74.0,66.0,-8.0,0.9820262375354005,0.9726049364321724,-0.009421301103228141
A0391,65.0,73.0,8.0,0.4338680971485901,0.5411574885758051,0.10728939142721505
A0392,65.0,73.0,8.0,0.39432986821702776,0.5004855303188737,0.1061556621018459
A0393,75.0,80.5,5.5,0.7403220441354418,0.7931498112899148,0.052827767154473015
A0394,66.0,74.0,8.0,0.4533205990082351,0.5606565138817086,0.10733591487347344
A0395,75.0,77.5,2.5,0.7806299058031813,0.8028268060337693,0.022196900230588068
A0396,65.5,73.5,8.0,0.38806964531772026,0.49391434554358565,0.1058447002258654
A0397,72.0,80.0,8.0,0.5999038848675649,0.6976546872740192,0.0977508024064544
A0398,75.0,83.0,8.0,0.689774688011726,0.773845875626813,0.08407118761508692
A0399,72.0,80.0,8.0,0.601180662176601,0.6987761559204301,0.09759549374382903
A0400,75.0,83.0,8.0,0.610523112557508,0.7069468431870873,0.09642373062957932
A0401,75.0,78.0,3.0,0.773193231889017,0.800287030591801,0.027093798702783944
A0402,65.0,73.0,8.0,0.46181767590536466,0.5690711835868445,0.10725350768147984
A0403,66.0,74.0,8.0,0.42947223561588865,0.5367051244788293,0.10723288886294069
A0404,68.0,76.0,8.0,0.7215663137806835,0.7995259534713873,0.07795963969070385
A0405,72.0,65.0,-7.0,0.9819161390310488,0.9738467992878401,-0.00806933974320867
A0406,73.0,77.0,4.0,0.7658948199964998,0.8023138614235885,0.03641904142708874
A0407,75.0,74.0,-1.0,0.81802513376478,0.8098657748123214,-0.008159358952458673
A0408,65.0,73.0,8.0,0.4764848722104316,0.5834518535151944,0.10696698130476273
A0409,75.0,67.0,-8.0,0.9674918474532136,0.9508334900494465,-0.016658357403767088
A0410,73.5,65.5,-8.0,0.9815934643643539,0.9719517957843266,-0.009641668580027352
A0411,75.0,83.0,8.0,0.6327035154634587,0.7260995456388991,0.0933960301754404
A0412,65.0,73.0,8.0,0.46131350540000415,0.5685736251637982,0.10726011976379402
A0413,65.5,73.5,8.0,0.4044121874460657,0.5109921337318655,0.10657994628579975
A0414,65.5,73.5,8.0,0.43775232212263526,0.5450774350821053,0.10732511295947
A0415,72.0,65.0,-7.0,0.9756569892741191,0.9648945590658814,-0.01076243020823775
A0416,65.5,65.0,-0.5,0.9475806287794571,0.9462260686927692,-0.0013545600866879948
A0417,65.5,65.0,-0.5,0.9435098152713514,0.942056494430543,-0.001453320840808403
A0418,75.0,74.0,-1.0,0.8134609209297701,0.8051456602374008,-0.00831526069236932
A0419,65.0,65.0,0.0,0.9426486622968929,0.9426486622968929,0.0
A0420,70.0,65.0,-5.0,0.9469447327086548,0.931660174484708,-0.01528455822394681
A0421,65.5,73.5,8.0,0.4798535191122914,0.5867291857482086,0.10687566663591724
A0422,66.5,74.5,8.0,0.598771851007587,0.6966593794090838,0.09788752840149684
A0423,65.5,73.5,8.0,0.37297588178616004,0.47791901808358367,0.10494313629742363
A0424,75.0,72.0,-3.0,0.8357497136192165,0.8123387708123176,-0.023410942806898816
A0425,65.5,73.5,8.0,0.6241912871140305,0.7187897802536086,0.09459849313957813
A0426,80.0,75.5,-4.5,0.8378193061388922,0.8021209326494534,-0.03569837348943883
A0427,66.0,74.0,8.0,0.5480203422724318,0.6510743694978534,0.10305402722542156
A0428,75.0,83.0,8.0,0.6952519054067563,0.7783158077105784,0.0830639023038221
A0429,75.0,72.0,-3.0,0.8357935269742574,0.8123874271169857,-0.0234060998572716
A0430,66.0,74.0,8.0,0.5164785030847927,0.6217605822301591,0.10528207914536636
A0431,75.0,72.0,-3.0,0.8359180950751488,0.8125257684405237,-0.023392326634625094
A0432,65.0,73.0,8.0,0.5776325658469932,0.6779031533650958,0.10027058751810258
A0433,65.5,73.5,8.0,0.5434023963776524,0.6468307937259707,0.10342839734831832
A0434,65.5,73.5,8.0,0.5660102079016682,0.6674514823131329,0.10144127441146467
A0435,75.0,78.5,3.5,0.7658643029284846,0.7979782468840374,0.03211394395555278
A0436,75.0,83.0,8.0,0.6635788845005318,0.7521988072481613,0.08861992274762953
A0437,75.0,81.5,6.5,0.7298605437725029,0.7931757853540718,0.06331524158156898
A0438,75.0,78.0,3.0,0.769519701268488,0.7969370814406525,0.02741738017216444
A0439,75.0,77.5,2.5,0.7792599678768751,0.801560247855305,0.02230027997842987
A0440,69.5,77.5,8.0,0.46602014007854115,0.5732101251378353,0.10718998505929417
A0441,67.0,75.0,8.0,0.21321086480528467,0.2943003679357324,0.08108950313044772
A0442,69.0,77.0,8.0,0.3785776403349844,0.483880596489897,0.10530295615491259
A0443,73.0,81.0,8.0,0.3817526346625214,0.48724627593240943,0.10549364126988803
A0444,66.5,74.5,8.0,0.4072544113570744,0.5139370466633456,0.1066826353062712
A0445,72.0,80.0,8.0,0.282001055679845,0.3767261519711482,0.09472509629130321
A0446,72.0,80.0,8.0,0.2692932673201868,0.36190132117407425,0.09260805385388743
A0447,66.5,74.5,8.0,0.23078948589024562,0.31588044883590205,0.08509096294565643
A0448,67.0,75.0,8.0,0.18801490333166118,0.26272154837201106,0.07470664504034988
A0449,66.0,74.0,8.0,0.38034663505746485,0.4857570134494384,0.10541037839197354
A0450,85.0,85.0,0.0,0.5613407241048513,0.5613407241048513,0.0
A0451,66.0,74.0,8.0,0.16593585449025597,0.2344020816427051,0.06846622715244913
A0452,65.5,73.5,8.0,0.2483267456003896,0.3370504009098737,0.08872365530948412
A0453,65.5,73.5,8.0,0.2275697066641516,0.3119549904998643,0.0843852838357127
A0454,66.0,74.0,8.0,0.3716178007159728,0.4764691862415283,0.10485138552555551
A0455,72.0,80.0,8.0,0.31533475326066,0.41478829579420184,0.09945354253354183
A0456,65.0,73.0,8.0,0.1709766853784915,0.2409220127809703,0.0699453274024788
A0457,72.0,77.0,5.0,0.7524737917815912,0.7991966310092766,0.04672283922768539
A0458,66.5,74.5,8.0,0.3253015483422664,0.42594293525789995,0.10064138691563357
A0459,72.0,65.0,-7.0,0.98453480806189,0.9776073172538357,-0.006927490808054326
A0460,85.0,85.0,0.0,0.7000191863316553,0.7000191863316553,0.0
A0461,65.5,73.5,8.0,0.4322715275131853,0.5395423759441177,0.10727084843093238
A0462,65.5,73.5,8.0,0.3172393822953606,0.4169278283940281,0.0996884460986675
A0463,65.0,73.0,8.0,0.46719472520742783,0.5743642776978579,0.10716955249043009
A0464,65.5,73.5,8.0,0.224780741634903,0.3085449466910899,0.0837642050561869
A0465,67.0,75.0,8.0,0.19275982116067092,0.26872786702363555,0.07596804586296463
A0466,67.0,75.0,8.0,0.2873689170372395,0.3829354451369564,0.09556652809971689
A0467,65.5,73.5,8.0,0.33433109944742456,0.4359609655875047,0.10162986614008013
A0468,80.0,85.0,5.0,0.3673333127822796,0.43186575962042323,0.06453244683814363
A0469,65.0,73.0,8.0,0.49388757824037327,0.6002816840706777,0.10639410583030445
A0470,75.0,81.0,6.0,0.7354739280019845,0.7934573154975111,0.05798338749552656
A0471,80.0,85.0,5.0,0.5874799268070429,0.650897898509025,0.06341797170198216
A0472,65.0,73.0,8.0,0.4390078109467064,0.5463416319440384,0.10733382099733202
A0473,66.0,74.0,8.0,0.5772624249077516,0.6775718352161977,0.10030941030844609
A0474,65.0,73.0,8.0,0.3843834539406738,0.4900278694152838,0.10564441547461001
A0475,65.5,73.5,8.0,0.5775977227072261,0.6778719690985379,0.10027424639131177
A0476,65.0,73.0,8.0,0.5087348863546084,0.6144443766174181,0.10570949026280974
A0477,80.0,85.0,5.0,0.577342775269751,0.6413678142132211,0.06402503894347011
A0478,80.0,85.0,5.0,0.581567503719381,0.6453456976512418,0.0637781939318608
A0479,66.0,65.0,-1.0,0.9113022612608774,0.9068489904457392,-0.004453270815138244
A0480,66.5,74.5,8.0,0.41460373100227726,0.5215177095184119,0.10691397851613466
A0481,80.0,85.0,5.0,0.6524320381811132,0.7107805325550353,0.05834849437392209
A0482,65.5,73.5,8.0,0.5486184795595583,0.6516228241380543,0.10300434457849594
A0483,65.5,65.0,-0.5,0.9102962306189951,0.9080716795382953,-0.0022245510806998547
A0484,65.5,73.5,8.0,0.4744551254237686,0.5814725522164826,0.10701742679271403
A0485,65.5,73.5,8.0,0.5407214415676517,0.6443596758738527,0.103638234306201
A0486,70.0,65.0,-5.0,0.9212223167073382,0.8993153590855482,-0.02190695762179007
A0487,70.5,78.5,8.0,0.4545042076832635,0.5618323545010749,0.10732814681781144
A0488,72.0,80.0,8.0,0.513421736138819,0.6188782482909084,0.1054565121520894
A0489,66.5,65.0,-1.5,0.8886863424052689,0.8804357475228536,-0.008250594882415307
A0490,65.5,73.5,8.0,0.47636277414951234,0.5833328873716552,0.10697011322214289
A0491,70.5,65.0,-5.5,0.968440396237989,0.958010322406643,-0.010430073831346087
A0492,71.5,65.0,-6.5,0.959602047531355,0.943613084214507,-0.01598896331684807
A0493,70.0,78.0,8.0,0.42197695870690677,0.5290738694117259,0.10709691070481908
A0494,66.5,65.0,-1.5,0.9651506563613803,0.9623273592853934,-0.0028232970759869414
A0495,69.0,65.0,-4.0,0.9752463788285346,0.9694739571705461,-0.005772421657988525
A0496,67.5,65.0,-2.5,0.9661689457924981,0.9614780672711367,-0.004690878521361408
A0497,68.5,65.0,-3.5,0.9477677398898527,0.9376028791583548,-0.010164860731497916
A0498,70.0,65.0,-5.0,0.9600635003965166,0.948352163120182,-0.011711337276334555
A0499,70.0,78.0,8.0,0.5620717700766882,0.6638869557323045,0.10181518565561631
A0500,67.5,65.0,-2.5,0.8852334391014441,0.8708208025078995,-0.014412636593544637
A0501,70.0,65.0,-5.0,0.9338667376986027,0.9151521567561284,-0.018714580942474357
A0502,70.0,78.0,8.0,0.5757224279055281,0.6761922801039219,0.10046985219839377
A0503,70.0,78.0,8.0,0.5735652916973704,0.6742569401844039,0.10069164848703349
A0504,70.0,65.0,-5.0,0.943518461016649,0.9273225935035326,-0.016195867513116413
A0505,68.0,65.0,-3.0,0.9775768637979838,0.9737458162100782,-0.003831047587905645
A0506,69.5,65.0,-4.5,0.9452554609862263,0.9312652702702942,-0.013990190715932105
A0507,67.5,65.0,-2.5,0.9386111991871299,0.9303746312837929,-0.008236567903336933
A0508,72.5,65.0,-7.5,0.9567110942830993,0.9365207356132659,-0.02019035866983343
A0509,65.0,65.0,0.0,0.9047215048970952,0.9047215048970952,0.0
A0510,70.0,78.0,8.0,0.5223021279050133,0.6272313762994614,0.10492924839444806
A0511,67.0,65.0,-2.0,0.8574892099187049,0.8438052928257407,-0.013683917092964237
A0512,67.0,65.0,-2.0,0.9741392675104058,0.971280978452884,-0.0028582890575218345
A0513,66.0,65.0,-1.0,0.8915929398631475,0.8862736094307019,-0.00531933043244559
A0514,72.5,80.5,8.0,0.45937521931462144,0.566658740985132,0.10728352167051058
A0515,68.5,65.0,-3.5,0.9745431235427683,0.9694208689361441,-0.005122254606624188
A0516,66.0,65.0,-1.0,0.9036774549309101,0.8988838404153606,-0.004793614515549494
A0517,69.5,65.0,-4.5,0.9740216754468664,0.9671271537918592,-0.006894521655007146
A0518,67.5,65.0,-2.5,0.9682928613765638,0.9638854685775681,-0.004407392798995713
A0519,69.0,65.0,-4.0,0.9679143154752281,0.960501342017144,-0.0074129734580841156
A0520,66.5,65.0,-1.5,0.9651181720309466,0.9622923460761729,-0.002825825954773764
A0521,65.5,65.0,-0.5,0.923942109534882,0.9220269742363201,-0.0019151352985619097
A0522,70.0,78.0,8.0,0.5268394748164004,0.6314752854520685,0.10463581063566818
A0523,75.0,67.0,-8.0,0.951329459041005,0.9270137048364,-0.024315754204604967
A0524,65.0,65.0,0.0,0.9060995913574007,0.9060995913574007,0.0
A0525,68.0,65.0,-3.0,0.8714013906989594,0.8521731432637731,-0.019228247435186252
A0526,66.5,65.0,-1.5,0.9520079377789036,0.9481770626195795,-0.003830875159324121
A0527,69.0,65.0,-4.0,0.9553353482935288,0.9451807677663809,-0.010154580527147905
A0528,67.0,65.0,-2.0,0.978980179866687,0.976644110297801,-0.00233606956888599
A0529,69.5,65.0,-4.5,0.9335659983531474,0.916851292463437,-0.016714705889710357
A0530,65.5,65.0,-0.5,0.9423764862934242,0.9408958348261992,-0.0014806514672249804
A0531,71.0,65.0,-6.0,0.9681315795390435,0.9564964721585246,-0.011635107380518872
A0532,68.0,65.0,-3.0,0.9708924201063728,0.9659590872612416,-0.0049333328451312
A0533,68.0,65.0,-3.0,0.9522288284621668,0.9443137035843635,-0.007915124877803326
A0534,67.0,65.0,-2.0,0.9499926175335744,0.9446172220337502,-0.005375395499824243
A0535,66.0,65.0,-1.0,0.9527025306071492,0.9502142975803041,-0.002488233026845088
A0536,67.5,65.0,-2.5,0.9603262730641311,0.9548631196932723,-0.0054631533708587865
A0537,66.0,65.0,-1.0,0.8997609763726937,0.8947951442778199,-0.004965832094873779
A0538,66.0,74.0,8.0,0.6965542054437893,0.7793757855110022,0.08282158006721285
A0539,67.0,65.0,-2.0,0.9677642694265712,0.9642272506954446,-0.003537018731126662
A0540,70.0,78.0,8.0,0.6171885924734698,0.712738575914745,0.09554998344127519
A0541,75.0,81.5,6.5,0.7271803250351567,0.7909438216920508,0.06376349665689407
A0542,70.0,78.0,8.0,0.47463257424202554,0.5816457284356904,0.10701315419366486
A0543,70.0,78.0,8.0,0.6626607523712805,0.7514319337500358,0.08877118137875528
A0544,75.0,74.0,-1.0,0.8168230693939618,0.8086224219460194,-0.008200647447942355
A0545,70.0,78.0,8.0,0.6884428204048154,0.772756035311636,0.08431321490682053
A0546,70.0,78.0,8.0,0.6997919151769054,0.7820063644044633,0.08221444922755783
A0547,75.0,83.0,8.0,0.6489934864231534,0.7399498149781513,0.09095632855499791
A0548,75.0,76.0,1.0,0.7926781282683844,0.8013941921438222,0.008716063875437885
A0549,70.0,78.0,8.0,0.6322318925692786,0.7256958546060448,0.09346396203676621
A0550,69.5,76.0,6.5,0.7419887630104821,0.8032277693371974,0.061239006326715306
A0551,70.0,78.0,8.0,0.6612875758315122,0.7502839384159646,0.08899636258445243
A0552,70.5,74.0,3.5,0.7744687934430454,0.8057019604662617,0.031233167023216324
A0553,68.0,76.0,8.0,0.6011786180399358,0.6987743613665478,0.09759574332661203
A0554,66.5,74.5,8.0,0.6546929850109267,0.7447532660436548,0.09006028103272812
A0555,67.5,75.5,8.0,0.6566827855579821,0.7464251069439767,0.08974232138599458
A0556,67.0,75.0,8.0,0.6199708998104801,0.715146936531406,0.0951760367209259
A0557,70.0,78.0,8.0,0.6582174866383846,0.7477127629196676,0.08949527628128295
A0558,66.5,74.5,8.0,0.6544756399763764,0.7445704910199142,0.09009485104353787
A0559,75.0,78.0,3.0,0.7740077849129288,0.8010293190411356,0.027021534128206848
A0560,66.5,74.5,8.0,0.6577404337993132,0.7473126710446784,0.08957223724536512
A0561,71.5,79.5,8.0,0.710260561376197,0.7904665078406148,0.08020594646441781
A0562,73.0,81.0,8.0,0.5647708847839112,0.66633107014386,0.10156018535994871
A0563,73.5,81.5,8.0,0.7123330385888982,0.7921331820659591,0.07980014347706088
A0564,75.0,82.0,7.0,0.7214067997232181,0.7906179274965683,0.06921112777335026
A0565,70.0,76.0,6.0,0.7467143514390873,0.8028941821616221,0.05617983072253485
A0566,73.5,75.5,2.0,0.7895912268970364,0.8069380314626265,0.017346804565590124
A0567,70.0,78.0,8.0,0.6322318925692786,0.7256958546060448,0.09346396203676621
A0568,66.0,74.0,8.0,0.5751697430857053,0.6756967495271949,0.1005270064414896
A0569,73.0,75.5,2.5,0.7834115501496677,0.8053971554893943,0.0219856053397266
A0570,66.5,74.5,8.0,0.6311889145700876,0.724802561853861,0.09361364728377342
A0571,75.0,76.0,1.0,0.7922840857621073,0.8010125570641796,0.008728471302072327
A0572,66.5,74.5,8.0,0.4047955895938779,0.5113898202709243,0.10659423067704638
A0573,66.5,74.5,8.0,0.6073277263747997,0.7041592087491652,0.09683148237436545
A0574,70.0,78.0,8.0,0.6409699933360908,0.7331505659227525,0.09218057258666168
A0575,66.0,74.0,8.0,0.669180715617075,0.756865675607146,0.08768495999007098
A0576,67.5,75.5,8.0,0.637587123895988,0.7302707472580126,0.09268362336202451
A0577,65.5,73.5,8.0,0.4233965855001957,0.5305231042870954,0.10712651878689966
A0578,73.5,76.0,2.5,0.7836291991043876,0.8055981935798483,0.021968994475460746
A0579,67.5,75.5,8.0,0.45081374496688287,0.5581621273859081,0.10734838241902522
A0580,67.5,75.5,8.0,0.637587123895988,0.7302707472580126,0.09268362336202451
A0581,72.5,80.5,8.0,0.5326686397848189,0.6369038020750483,0.10423516229022933
A0582,66.0,74.0,8.0,0.3813279545860319,0.48679664377174064,0.10546868918570873
A0583,65.5,73.5,8.0,0.423852293292832,0.5309879336822408,0.10713564038940881
A0584,70.0,78.0,8.0,0.7146533446609084,0.7939959696119665,0.07934262495105815
A0585,73.0,81.0,8.0,0.7128418746578933,0.7925419738316585,0.0797000991737652
A0586,68.0,76.0,8.0,0.5515426500129074,0.6543001827393508,0.10275753272644339
A0587,75.0,80.0,5.0,0.7456911330290626,0.7933426461498986,0.04765151312083593
A0588,65.5,73.5,8.0,0.46659866041145837,0.5737787277016797,0.10718006729022134
A0589,67.0,75.0,8.0,0.710948609884824,0.7910201309643515,0.08007152107952753
A0590,73.0,75.5,2.5,0.7815291396903326,0.8036579364513848,0.022128796761052283
A0591,65.0,73.0,8.0,0.5257985558337679,0.630503113944133,0.10470455811036516
A0592,66.0,74.0,8.0,0.5009546703315142,0.6070451666985375,0.10609049636702328
A0593,66.0,74.0,8.0,0.5136136143716293,0.6190593958698001,0.10544578149817074
A0594,75.0,80.5,5.5,0.7407721672248052,0.7935339012521744,0.05276173402736917
A0595,66.0,74.0,8.0,0.5350295071020844,0.6390948705675754,0.104065363465491
A0596,72.5,80.5,8.0,0.6950131943649819,0.7781213968407794,0.08310820247579753
A0597,65.0,73.0,8.0,0.523577474634745,0.6284258797927154,0.10484840515797034
A0598,65.5,73.5,8.0,0.546358310011106,0.6495489553566263,0.10319064534552025
A0599,66.5,74.5,8.0,0.5828987815298011,0.6826061180623355,0.09970733653253439
A0600,66.0,74.0,8.0,0.5413656199380817,0.6449539392868466,0.10358831934876489
A0601,66.0,74.0,8.0,0.5794580384896817,0.6795356851769239,0.10007764668724217
A0602,65.5,73.5,8.0,0.4947727108413141,0.6011310186176194,0.10635830777630534
A0603,66.0,74.0,8.0,0.4880385456810679,0.5946530807792219,0.10661453509815394
A0604,68.0,76.0,8.0,0.6802890707076267,0.7660590289528185,0.08576995824519185
A0605,66.0,74.0,8.0,0.43057619843196326,0.5378248872749035,0.10724868884294025
A0606,65.5,73.5,8.0,0.5106643302520638,0.6162718036566084,0.10560747340454457
A0607,66.0,74.0,8.0,0.5728317608862566,0.673598047452961,0.10076628656670439
A0608,66.0,74.0,8.0,0.5522487492547004,0.654945709587006,0.10269696033230569
A0609,65.5,73.5,8.0,0.4781150403058229,0.5850390137801302,0.10692397347430732
A0610,67.0,75.0,8.0,0.6649473168708887,0.7533407588870166,0.08839344201612787
A0611,65.5,73.5,8.0,0.46111178712463957,0.5683744917195105,0.10726270459487092
A0612,70.0,65.0,-5.0,0.9545553532263624,0.9413274710532504,-0.013227882173111993
A0613,70.0,78.0,8.0,0.56260879182168,0.6643736768609555,0.1017648850392755
A0614,66.0,74.0,8.0,0.505740666143608,0.6116025585436035,0.10586189239999544
A0615,67.0,65.0,-2.0,0.8712394228649878,0.8586581765309159,-0.012581246334071872
A0616,66.0,74.0,8.0,0.5396678463568616,0.643387030840622,0.10371918448376038
A0617,65.5,73.5,8.0,0.5484378136635361,0.6514571935317716,0.1030193798682355
A0618,65.5,65.0,-0.5,0.8823277976140026,0.8795014731884457,-0.0028263244255568587
A0619,70.0,65.0,-5.0,0.9553643550389743,0.9423577346062452,-0.013006620432729155
A0620,69.0,65.0,-4.0,0.9504800729682418,0.9392917838721077,-0.011188289096134119
A0621,70.0,78.0,8.0,0.5681990964704602,0.6694275517398656,0.10122845526940538
A0622,67.0,65.0,-2.0,0.8620197856927415,0.848694134019116,-0.013325651673625538
A0623,70.0,65.0,-5.0,0.9288859728643222,0.9088994175045609,-0.019986555359761238
A0624,69.0,65.0,-4.0,0.9371560629195267,0.9232006514037262,-0.013955411515800487
A0625,72.0,80.0,8.0,0.6056258337108118,0.7026715341338776,0.09704570042306582
A0626,70.0,78.0,8.0,0.5373345455324654,0.6412299540994344,0.103895408566969
A0627,70.0,78.0,8.0,0.5598910378343018,0.6619082598265785,0.1020172219922767
A0628,65.0,65.0,0.0,0.9060995913574007,0.9060995913574007,0.0
A0629,70.0,65.0,-5.0,0.9789120036629277,0.9725700500432399,-0.006341953619687812
A0630,65.0,65.0,0.0,0.9066611748679769,0.9066611748679769,0.0
A0631,66.0,65.0,-1.0,0.9266749322776103,0.922928205914412,-0.003746726363198283
A0632,68.5,65.0,-3.5,0.895496489563963,0.8764848755731044,-0.0190116139908586
A0633,67.5,65.0,-2.5,0.9615383229028371,0.9562344649596757,-0.005303857943161461
A0634,66.5,65.0,-1.5,0.9730074247704241,0.9708013824030288,-0.0022060423673953
A0635,70.0,78.0,8.0,0.6051219773399695,0.7022307035943265,0.09710872625435696
A0636,71.5,65.0,-6.5,0.9519550533410416,0.9331503563494764,-0.018804696991565173
A0637,70.0,78.0,8.0,0.47061393104072713,0.5777173695168054,0.10710343847607828
A0638,65.5,65.0,-0.5,0.92632690272663,0.9244669073850693,-0.0018599953415606718
A0639,65.5,65.0,-0.5,0.9004759505020594,0.8980351463627912,-0.002440804139268171
A0640,75.0,83.0,8.0,0.5625273286062055,0.6642998578796462,0.10177252927344071
A0641,70.0,78.0,8.0,0.4448595892023714,0.5522157928551744,0.10735620365280302
A0642,75.0,83.0,8.0,0.5891706882024299,0.6881807741911654,0.09901008598873551
A0643,68.0,76.0,8.0,0.455319130705229,0.5626412289983854,0.10732209829315642
A0644,75.0,83.0,8.0,0.5562228917734123,0.6585718814780293,0.10234898970461692
A0645,69.0,65.0,-4.0,0.9825309219223007,0.9784196301096912,-0.004111291812609497
A0646,67.5,65.0,-2.5,0.9455170198630252,0.9381459498511006,-0.0073710700119246075
A0647,69.5,65.0,-4.5,0.956144569774032,0.9447745560410692,-0.011370013732962758
A0648,68.0,65.0,-3.0,0.9620469369143353,0.9556828484021838,-0.006364088512151533
A0649,70.0,78.0,8.0,0.5481124574929142,0.6511588511997906,0.1030463937068764
A0650,68.5,65.0,-3.5,0.9771373213285122,0.9725223354233602,-0.004614985905151969
A0651,68.0,65.0,-3.0,0.9651972051461392,0.959339037099903,-0.0058581680462361785
A0652,70.0,78.0,8.0,0.5461787809707428,0.6493840571596441,0.1032052761889013
A0653,67.5,65.0,-2.5,0.959470869997397,0.9538955809044536,-0.0055752890929433585
A0654,70.5,78.0,7.5,0.7249159747077852,0.797884716062926,0.07296874135514075
A0655,69.0,77.0,8.0,0.7035387811202776,0.7850423143689101,0.08150353324863258
A0656,70.5,78.5,8.0,0.7091080610439093,0.7895385082375705,0.08043044719366121
A0657,68.0,74.0,6.0,0.7525931003935104,0.807804616102538,0.0552115157090276
A0658,74.0,82.0,8.0,0.5402231573620024,0.6438997826298696,0.10367662526786714
A0659,71.5,79.5,8.0,0.6837525562249669,0.7689089849472306,0.0851564287222637
A0660,75.0,81.0,6.0,0.731784938211745,0.7903464386281072,0.05856150041636221
A0661,75.0,81.0,6.0,0.731784938211745,0.7903464386281072,0.05856150041636221
A0662,75.0,73.0,-2.0,0.8271503637018432,0.8111947309248452,-0.015955632776998074
A0663,65.5,73.5,8.0,0.47623928995623577,0.5832125579793609,0.10697326802312512
A0664,72.5,80.5,8.0,0.6921573035922438,0.7757926791832246,0.08363537559098078
A0665,75.0,73.0,-2.0,0.8258696893604991,0.809823018922631,-0.016046670437868116
A0666,68.0,73.0,5.0,0.7667726481780078,0.8114726739107928,0.044700025732784976
A0667,70.0,75.5,5.5,0.7545872283050108,0.8052762609094467,0.05068903260443591
A0668,68.0,76.0,8.0,0.7013777278379636,0.7832923770545726,0.08191464921660896
A0669,70.0,78.0,8.0,0.6265396468145226,0.7208114116316474,0.09427176481712485
A0670,72.5,80.5,8.0,0.4883386822840296,0.5949425900717594,0.10660390778772982
A0671,70.0,78.0,8.0,0.6736586366167931,0.760581350211477,0.08692271359468384
A0672,70.5,78.0,7.5,0.7248129980177995,0.7978014359023099,0.07298843788451037
A0673,70.0,78.0,8.0,0.7120685398614784,0.7919206234941281,0.07985208363264962
A0674,68.5,74.0,5.5,0.7598173736844062,0.8096985757301507,0.04988120204574453
A0675,70.0,78.0,8.0,0.6322318925692786,0.7256958546060448,0.09346396203676621
A0676,67.5,75.5,8.0,0.7286553122415598,0.8051660244149214,0.07651071217336158
A0677,71.0,76.5,5.5,0.7539100136028064,0.8047027204291496,0.05079270682634318
A0678,67.0,75.0,8.0,0.7059070270777639,0.7869566372476846,0.08104961016992074
A0679,72.0,78.0,6.0,0.739662595014038,0.796981280892159,0.057318685878121056
A0680,68.0,76.0,8.0,0.6403781895989298,0.7326473299461408,0.09226914034721101
A0681,66.0,74.0,8.0,0.6889019366812676,0.7731318497339305,0.08422991305266281
A0682,66.5,74.5,8.0,0.6804397742785656,0.7661831985524729,0.08574342427390724
A0683,70.0,78.0,8.0,0.7120685398614784,0.7919206234941281,0.07985208363264962
A0684,66.5,74.5,8.0,0.6895343520773337,0.7736492979396343,0.08411494586230062
A0685,72.0,65.0,-7.0,0.9224068397620773,0.8907381782783536,-0.031668661483723715
A0686,75.0,67.0,-8.0,0.966694161342508,0.949648314103687,-0.017045847238820966
A0687,72.0,65.0,-7.0,0.9665755509434439,0.95199562195268,-0.01457992899076399
A0688,72.5,77.5,5.0,0.7504639877939548,0.7974640849632344,0.04700009716927955
A0689,72.0,65.0,-7.0,0.9249321414934044,0.8941759051183233,-0.03075623637508107
A0690,75.0,71.5,-3.5,0.8382562719353531,0.8110287946272581,-0.02722747730809505
A0691,75.0,76.5,1.5,0.7916863914708071,0.8047027204291496,0.013016328958342482
A0692,68.0,73.0,5.0,0.7673057248282887,0.8119286414334673,0.044622916605178586
A0693,65.5,73.5,8.0,0.5448284425247498,0.648142974975578,0.10331453245082822
A0694,68.0,76.0,8.0,0.5757290103296081,0.676198180468764,0.1004691701391559
A0695,72.0,65.0,-7.0,0.967632173996219,0.9534909723025088,-0.014141201693710248
A0696,68.0,65.0,-3.0,0.9028630697414405,0.887732952173419,-0.015130117568021517
A0697,75.0,83.0,8.0,0.513465142714751,0.6189192299531961,0.10545408723844518
A0698,66.0,65.0,-1.0,0.9528759696255586,0.950396385838846,-0.002479583786712647
A0699,66.5,74.5,8.0,0.4603741861365032,0.5676460470627164,0.10727186092621316
A0700,72.0,65.0,-7.0,0.9418987957529933,0.9174737721452024,-0.024425023607790863
A0701,65.5,65.0,-0.5,0.8815738506742853,0.8787319063692483,-0.0028419443050370363
A0702,75.0,83.0,8.0,0.6139602763638962,0.7099373493047656,0.09597707294086943
A0703,69.0,77.0,8.0,0.5239143467307247,0.6287411840447116,0.1048268373139869
A0704,75.0,67.0,-8.0,0.9227831234042748,0.8859159234091878,-0.03686719999508703
A0705,68.5,65.0,-3.5,0.9769964308616035,0.9723538099108159,-0.0046426209507876015
A0706,75.0,83.0,8.0,0.594959940911823,0.6933011064397523,0.09834116552792926
A0707,72.0,65.0,-7.0,0.9543122230988428,0.9347441093749403,-0.019568113723902436
A0708,75.0,67.0,-8.0,0.9752702355038588,0.9624430773274086,-0.012827158176450193
A0709,65.5,65.0,-0.5,0.8940013691966107,0.8914209240117458,-0.002580445184864888
A0710,72.0,65.0,-7.0,0.9479263027379897,0.9258356517322125,-0.02209065100577723
A0711,75.0,83.0,8.0,0.6548179626629327,0.7448583509304223,0.09004038826748961
A0712,72.0,65.0,-7.0,0.9144230052381651,0.879920038504016,-0.0345029667341491
A0713,68.0,65.0,-3.0,0.9782317445025914,0.9745096674020131,-0.0037220771005783693
A0714,66.0,65.0,-1.0,0.9019982152635132,0.8971305443137034,-0.004867670949809777
A0715,72.0,65.0,-7.0,0.9466944418776406,0.9241230420336388,-0.022571399844001805
A0716,75.0,83.0,8.0,0.48466214562163784,0.5913911164495698,0.10672897082793192
A0717,72.0,65.0,-7.0,0.911876027178708,0.8764848755731044,-0.03539115160560358
A0718,75.0,83.0,8.0,0.5093567022740987,0.6150336404683135,0.10567693819421486
A0719,72.0,65.0,-7.0,0.9448170328145348,0.921516577831115,-0.023300454983419816
A0720,75.0,67.0,-8.0,0.958851436015685,0.9380489329800034,-0.020802503035681652
A0721,75.0,83.0,8.0,0.47015839452676633,0.5772712105681319,0.10711281604136558
A0722,75.0,67.0,-8.0,0.9613317689864408,0.9417069572104875,-0.01962481177595332
A0723,65.5,73.5,8.0,0.34868018261877726,0.4517120123501448,0.10303182973136754
A0724,68.5,65.0,-3.5,0.9769964308616035,0.9723538099108159,-0.0046426209507876015
A0725,75.0,83.0,8.0,0.5891706882024299,0.6881807741911654,0.09901008598873551
A0726,75.0,83.0,8.0,0.5548628905152206,0.6573323059427156,0.10246941542749499
A0727,72.0,65.0,-7.0,0.9669353275921645,0.9525046236454902,-0.01443070394667434
A0728,72.0,65.0,-7.0,0.9519313602402127,0.9314168051603736,-0.020514555079839125
A0729,69.5,74.5,5.0,0.7630428760010666,0.8082790079499723,0.045236131948905745
A0730,72.5,80.5,8.0,0.6988613535670902,0.781250983304719,0.08238962973762876
A0731,73.0,81.0,8.0,0.7106691566934932,0.7907953108926086,0.0801261541991154
A0732,66.0,74.0,8.0,0.6798101888091085,0.7656643645177916,0.08585417570868314
A0733,75.0,83.0,8.0,0.4698261737719278,0.5769457186002258,0.107119544828298
A0734,75.0,73.5,-1.5,0.8227376028160817,0.8106404262780472,-0.012097176538034438
A0735,75.0,74.0,-1.0,0.8180515450374612,0.8098930950986493,-0.008158449938811985
A0736,72.0,73.5,1.5,0.7959428112898346,0.8087574269507769,0.01281461566094233
A0737,75.0,74.0,-1.0,0.8157483266731227,0.8075109026868017,-0.00823742398632099
A0738,68.0,65.0,-3.0,0.9625559543753976,0.9562733400383248,-0.006282614337072889
A0739,85.0,78.0,-7.0,0.8525360633325252,0.7985776494711132,-0.05395841386141198
A0740,80.0,78.0,-2.0,0.8150657695858305,0.7982666799426855,-0.016799089643145027
A0741,66.0,65.0,-1.0,0.9019982152635132,0.8971305443137034,-0.004867670949809777
A0742,85.0,77.0,-8.0,0.9842016730079812,0.9758926765452952,-0.008308996462686014
A0743,72.0,65.0,-7.0,0.9253864254320255,0.8947951442778199,-0.03059128115420562
A0744,72.0,80.0,8.0,0.4950247194091136,0.6013727180361579,0.1063479986270443
A0745,75.0,80.5,5.5,0.737608575886612,0.7908323948938842,0.053223819007272244
A0746,66.5,65.0,-1.5,0.9432910286338942,0.938809066457033,-0.004481962176861254
A0747,66.0,65.0,-1.0,0.9019982152635132,0.8971305443137034,-0.004867670949809777
A0748,68.0,65.0,-3.0,0.9786388143374491,0.974984560763869,-0.0036542535735801795
A0749,85.0,77.0,-8.0,0.9622457323656507,0.9430572977372423,-0.019188434628408357
A0750,85.0,77.0,-8.0,0.9697150915844189,0.9541420050487696,-0.015573086535649372
A0751,85.0,77.0,-8.0,0.9831172649510805,0.974252853462211,-0.008864411488869517
A0752,65.0,65.0,0.0,0.9006734219026119,0.9006734219026119,0.0
A0753,66.5,67.0,0.5,0.8153135340748193,0.8193361400564181,0.004022605981598759
A0754,65.5,65.0,-0.5,0.9276220190794479,0.9257921016502305,-0.0018299174292173426
A0755,72.0,65.0,-7.0,0.9156751407195544,0.8816116503893543,-0.034063490330200064
A0756,67.5,65.0,-2.5,0.9678789491970722,0.9634161950701089,-0.0044627541269632864
A0757,75.0,67.0,-8.0,0.9547475106776633,0.9320173815489659,-0.02273012912869743
A0758,72.0,76.5,4.5,0.763745096546534,0.8046808419749032,0.0409357454283692
A0759,67.0,65.0,-2.0,0.9351053642747831,0.9282505693822998,-0.006854794892483307
A0760,85.0,85.0,0.0,0.6887929056257093,0.6887929056257093,0.0
A0761,72.0,65.0,-7.0,0.9675804745443972,0.9534177731900099,-0.014162701354387353
A0762,66.0,65.0,-1.0,0.9519315593676201,0.9494049209424195,-0.0025266384252006224
A0763,72.0,65.0,-7.0,0.9730974806866105,0.9612483966253451,-0.011849084061265391
A0764,66.0,65.0,-1.0,0.9567834353685422,0.9544996378666372,-0.002283797501904994
A0765,85.0,77.0,-8.0,0.9846037180659049,0.9765011251520859,-0.008102592913818984
A0766,72.0,65.0,-7.0,0.9559107971960478,0.9369821419995059,-0.018928655196541855
A0767,70.0,65.0,-5.0,0.9727299212281236,0.9645960234105766,-0.008133897817547031
A0768,72.0,65.0,-7.0,0.9654195431820469,0.9503612534825486,-0.015058289699498295
A0769,66.5,65.0,-1.5,0.9450943114172882,0.9407459180224222,-0.004348393394865924
A0770,65.5,65.0,-0.5,0.9394803556819833,0.9379301888505649,-0.001550166831418398
A0771,72.0,65.0,-7.0,0.9167746049540288,0.8830985479315266,-0.033676057022502204
A0772,66.5,65.0,-1.5,0.9211047606403715,0.9150272744617304,-0.006077486178641123
A0773,85.0,77.0,-8.0,0.96515504292186,0.9473643691062313,-0.01779067381562871
A0774,72.0,65.0,-7.0,0.975227064791082,0.9642815168018533,-0.010945547989228754
A0775,85.0,78.5,-6.5,0.8482853720957645,0.7975344534391199,-0.050750918656644606
A0776,66.0,65.0,-1.0,0.8886029328959819,0.8831561154237854,-0.005446817472196552
A0777,85.0,81.5,-3.5,0.8206566862147604,0.7912044945602313,-0.02945219165452906
A0778,80.0,82.0,2.0,0.7731075365939996,0.7914543826015538,0.018346846007554207
A0779,72.0,65.0,-7.0,0.9622527188878357,0.9458927018984808,-0.016360016989354853
A0780,72.0,65.0,-7.0,0.9744626478046572,0.9631921012115137,-0.011270546593143527
A0781,72.0,65.0,-7.0,0.959289122849017,0.9417224472016135,-0.01756667564740355
A0782,67.5,65.0,-2.5,0.9566436287799316,0.9506994013156963,-0.0059442274642352855
A0783,70.0,77.5,7.5,0.7309574192959877,0.8027596421338419,0.0718022228378542
A0784,68.0,75.0,7.0,0.7367018733136264,0.8031500745611434,0.06644820124751705
A0785,66.0,65.0,-1.0,0.9497060535128198,0.9470689395784827,-0.0026371139343370764
A0786,80.0,77.5,-2.5,0.8192150611110329,0.7983997964233447,-0.02081526468768824
A0787,71.0,65.0,-6.0,0.9709654374102799,0.960322563777754,-0.010642873632525807
A0788,85.0,77.0,-8.0,0.8776927643526001,0.8234168302369699,-0.05427593411563025
A0789,85.0,85.0,0.0,0.7299380840945634,0.7299380840945634,0.0
A0790,85.0,77.0,-8.0,0.8985898528663222,0.8520238885653643,-0.04656596430095794
A0791,85.0,80.5,-4.5,0.8309611902776866,0.7941241884813178,-0.03683700179636873
A0792,66.5,74.5,8.0,0.5276844592012481,0.6322638383573943,0.10457937915614623
A0793,85.0,78.0,-7.0,0.8523283750998664,0.7983119446666621,-0.054016430433204254
A0794,85.0,77.0,-8.0,0.9000831402746269,0.854091530774577,-0.04599160950004988
A0795,70.0,77.0,7.0,0.7322310410152275,0.7995004646283579,0.06726942361313037
A0796,85.0,83.0,-2.0,0.805193284137414,0.7877309507355794,-0.017462333401834562
A0797,85.0,78.0,-7.0,0.8513569257147068,0.7970697548653092,-0.054287170849397604
A0798,85.0,80.5,-4.5,0.8319262325360557,0.7952477137377381,-0.03667851879831763
A0799,67.5,73.0,5.5,0.7609723939234246,0.8106734915410719,0.049701097617647294
A0800,85.0,85.0,0.0,0.7768645496839675,0.7768645496839675,0.0
A0801,72.0,80.0,8.0,0.7159212210281464,0.7950124254587667,0.07909120443062034
A0802,80.0,72.0,-8.0,0.9862566688988651,0.9790054248098815,-0.007251244088983588
A0803,72.0,65.0,-7.0,0.9661369842635439,0.9513753738833529,-0.01476161038019097
A0804,72.0,65.0,-7.0,0.9541754949143502,0.9345528365186558,-0.019622658395694326
A0805,80.0,85.0,5.0,0.5462672809471552,0.6118347854860361,0.06556750453888094
A0806,72.0,65.0,-7.0,0.9490887989778019,0.9274535590962433,-0.021635239881558577
A0807,65.5,65.0,-0.5,0.9045836576376929,0.9022326563580464,-0.002351001279646492
A0808,85.0,85.0,0.0,0.7725612233008914,0.7725612233008914,0.0
A0809,85.0,83.0,-2.0,0.805193284137414,0.7877309507355794,-0.017462333401834562
A0810,72.0,80.0,8.0,0.6940740972985887,0.7773562247880987,0.08328212748951003
A0811,72.0,80.0,8.0,0.627386252157281,0.721539290567348,0.09415303841006695
A0812,72.0,80.0,8.0,0.6264909658498603,0.7207695425005118,0.09427857665065154
A0813,72.0,80.0,8.0,0.6151722474037329,0.7109898410989703,0.09581759369523746
A0814,74.0,82.0,8.0,0.5577731869631994,0.6599831967261969,0.10221000976299743
A0815,80.0,83.0,3.0,0.7601470692450986,0.7883727715515748,0.028225702306476252
A0816,72.0,80.0,8.0,0.6290093270914959,0.7229333612785219,0.093924034187026
A0817,72.0,80.0,8.0,0.6702105639754816,0.7577213864084812,0.08751082243299957
A0818,72.0,80.0,8.0,0.7159540107585971,0.795038699672805,0.07908468891420795
A0819,72.0,80.0,8.0,0.6260742537148037,0.7204110728769043,0.09433681916210057
A0820,72.0,80.0,8.0,0.5636714283954911,0.6653361438001513,0.10166471540466016
A0821,74.0,81.5,7.5,0.7176987413213527,0.792032700628509,0.07433395930715625
A0822,72.0,80.0,8.0,0.6348812158527172,0.7279615903159188,0.09308037446320161
A0823,72.0,80.0,8.0,0.6538343281843372,0.7440309991124816,0.09019667092814443
A0824,72.0,80.0,8.0,0.6106177035691266,0.7070292536920514,0.0964115501229248
A0825,72.0,80.0,8.0,0.6701454785562252,0.7576673269719985,0.08752184841577326
A0826,72.0,80.0,8.0,0.5750502989649878,0.6755896277476003,0.10053932878261251
A0827,65.5,73.5,8.0,0.5912211875275726,0.6899971193713007,0.09877593184372813
A0828,66.0,65.0,-1.0,0.9461220153910969,0.9433081939577808,-0.0028138214333160994
A0829,80.0,85.0,5.0,0.5468006386226422,0.612345764154087,0.06554512553144487
A0830,85.0,81.0,-4.0,0.8242078959700826,0.790770460445552,-0.0334374355245306
A0831,65.5,73.5,8.0,0.49460164217888375,0.600966918483708,0.10636527630482423
A0832,72.0,80.0,8.0,0.6963729286299403,0.7792283041447061,0.08285537551476585
A0833,85.0,77.0,-8.0,0.9648690584118201,0.9469403975955839,-0.01792866081623623
A0834,65.5,65.0,-0.5,0.9275842957297376,0.9257535008868204,-0.0018307948429171494
A0835,85.0,78.0,-7.0,0.8509433072801584,0.796541176246522,-0.05440213103363645
