survey_date,method,min_bed_elevation_m,thalweg_distance_m,max_bed_elevation_m,section_integral_m2,roughness_integral,max_abs_slope,below_observed_min_m,above_observed_max_m,selected_penalty
2016-06-08,linear,40.786625,2030.0,50.92,206427.15866729966,0.06602612554798933,0.2805000000000007,0.0,0.0,
2016-06-08,pchip,40.77155516968759,2030.0,50.92357798165137,206415.41289559982,0.08066980721250949,0.3688575,0.0,0.0,
2016-06-08,penalized_bspline,41.19283792374345,2010.0,49.56358447361805,206654.54458018852,0.00033261300088270086,0.07737129376086145,0.0,0.0,0.01
2016-06-08,gcv_smoothing_spline,40.64181360523018,2040.0,50.78940251704343,206426.86488752475,0.024122692018166036,0.2795663034204196,0.12918639476981753,0.0,
2016-06-08,matern_gp,41.08222855185396,2030.0,49.73269591649667,205922.35388350853,0.005844141868439436,0.16173502957309865,0.0,0.0,
2016-10-20,linear,41.005,2045.0,51.60166666666667,206825.6407758498,0.0380862268415407,0.27045454545454606,0.0,0.0,
2016-10-20,pchip,41.005,2045.0,51.64560291905517,206822.90956172155,0.051462246250863854,0.3706118988966146,0.0,0.0,
2016-10-20,penalized_bspline,40.346095868541994,1910.0,49.666896833976224,206803.423830059,2.7920202413349964e-05,0.03397211665903797,0.6589041314580086,0.0,0.0001
2016-10-20,gcv_smoothing_spline,40.911572490553056,2050.0,52.403617849947715,206836.97953297198,0.018764444093576776,0.27508851184184663,0.093427509446947,0.0,
2016-10-20,matern_gp,41.111884168075946,2040.0,51.42781764652876,207136.95095559905,0.009368543476554251,0.22018736674574485,0.0,0.0,
2017-05-11,linear,40.96212903225806,1915.0,53.611999999999995,207218.7864151295,0.05479806420932999,0.2885714285714286,0.0,0.0,
2017-05-11,pchip,40.95915753013911,1915.0,53.61395039779176,207221.7634566166,0.07270408299872978,0.4054692278760001,0.0,0.0,
2017-05-11,penalized_bspline,41.056337608867835,1925.0,49.699813538638,207475.08158120298,1.0457900241062296e-05,0.030298457123339517,0.0,0.0,1.0
2017-05-11,gcv_smoothing_spline,40.9467021382405,1920.0,53.67600891915131,207298.20986610296,0.026631893736259744,0.32140698186955774,0.01229786175949954,0.06100891915131257,
2017-05-11,matern_gp,41.07215459978942,1910.0,53.27591475944653,206975.31169596553,0.021919696900320026,0.28688935768637835,0.0,0.0,
2017-09-05,linear,41.867222222222225,2060.0,53.611999999999995,207607.8399143775,0.04719595303494904,0.2885714285714286,0.0,0.0,
2017-09-05,pchip,41.84658700810693,2060.0,53.61395039779176,207596.08164415084,0.06292651574548419,0.4054692278760001,0.0,0.0,
2017-09-05,penalized_bspline,42.05245479091121,2030.0,50.37881907436592,207612.6577546749,0.00018218695333462097,0.05765494524087913,0.0,0.0,0.0001
2017-09-05,gcv_smoothing_spline,41.834041913156895,2065.0,53.681346262555934,207623.4202767341,0.0232800946623735,0.3217547988794237,0.010958086843103843,0.066346262555939,
2017-09-05,matern_gp,42.03082675282354,2055.0,53.310611281419895,207791.60955961104,0.020580586410487368,0.2908834186961123,0.0,0.0,
2018-09-13,linear,41.27129411764706,1735.0,53.576,207535.73332216055,0.05975510046718266,0.45194736842105243,0.0,0.0,
2018-09-13,pchip,41.24152615509872,1735.0,53.576,207481.79678546017,0.06520088853304547,0.4623836213019537,0.0,0.0,
2018-09-13,penalized_bspline,41.168959167876885,1960.0,55.02105817640161,207600.79990387493,0.0007351881922684696,0.25024804747819757,0.06704083212311218,1.4450581764016093,0.0001
2018-09-13,gcv_smoothing_spline,41.23161930797098,1735.0,54.005463437017326,207238.38495367375,0.045223307024864025,0.41198591999472356,0.004380692029016586,0.4294634370173256,
2018-09-13,matern_gp,41.53350001311294,1750.0,52.64110413208399,207405.39532331374,0.0018189045135545664,0.1676367066816752,0.0,0.0,
2019-04-13,linear,40.47129411764706,1735.0,53.64749425287357,206092.4364969405,0.09830473280078894,0.35269393939393934,0.0,0.0,
2019-04-13,pchip,40.44381599837167,1735.0,53.65446157116977,206051.3167299655,0.12130444541992258,0.4610778263050747,0.0,0.0,
2019-04-13,penalized_bspline,40.39315219223661,1965.0,53.606794803750304,206611.59651543718,0.0002306785658979614,0.11950682659825133,0.042847807763386925,0.0,0.001
2019-04-13,gcv_smoothing_spline,39.40889256522978,85.0,53.79763258044848,205824.16758863148,0.04505069932864548,0.35358371162956603,1.0271074347702225,0.14163258044847282,
2019-04-13,matern_gp,40.840295176296344,1765.0,52.30532735463241,206620.97997630213,0.0002357263894930282,0.07531494324997609,0.0,0.0,
2019-10-15,linear,39.98,2010.0,53.556000000000004,205478.5823115802,0.1419564762797785,0.40033333333333304,0.0,0.0,
2019-10-15,pchip,39.98,2010.0,53.55924281019537,205433.4497442182,0.16201632513465497,0.41177557836890627,0.0,0.0,
2019-10-15,penalized_bspline,39.71080133695112,1995.0,53.72103147434852,205984.9297507736,0.0005871017716529327,0.17130825194938523,0.26919866304887563,0.16103147434851905,0.0001
2019-10-15,gcv_smoothing_spline,39.99172045213651,2010.0,53.30352971552907,205174.00271741528,0.01995567542180693,0.3037224348519594,0.0,0.0,
2019-10-15,matern_gp,40.01566983167292,2010.0,52.96683884977658,205146.2145223358,0.0067603701344586655,0.20363790465586007,0.0,0.0,
2020-03-19,linear,40.46,1770.0,53.720588235294116,205781.2654665282,0.11518376373405156,0.32565217391304346,0.0,0.0,
2020-03-19,pchip,40.46,1770.0,53.72986973336047,205712.1431413273,0.13517442664738966,0.40896819389908645,0.0,0.0,
2020-03-19,penalized_bspline,40.17216251296507,1775.0,54.96128191942485,206099.37508478307,0.0005822515501704447,0.1968718589917046,0.2878374870349276,1.2312819194248519,0.0001
2020-03-19,gcv_smoothing_spline,40.43434517504342,1760.0,54.01640930948512,205470.68031671856,0.04417304838538794,0.34058433235219143,0.025654824956582445,0.2864093094851228,
2020-03-19,matern_gp,40.62271693166265,1765.0,52.74054307968311,206180.25661729707,0.0010472096109917658,0.12153631735511042,0.0,0.0,
2021-03-14,linear,40.78,1745.0,53.720588235294116,205894.437562545,0.11274428668908741,0.32565217391304346,0.0,0.0,
2021-03-14,pchip,40.78,1745.0,53.72986973336047,205810.24880391528,0.13224678166301213,0.40896819389908645,0.0,0.0,
2021-03-14,penalized_bspline,40.92476940045507,1970.0,54.96013151688223,206277.51031205544,0.0004830193126170517,0.19677606199511785,0.0,1.2301315168822313,0.0001
2021-03-14,gcv_smoothing_spline,40.76538644392969,1750.0,54.01640930625161,205580.55750197393,0.04253530665749744,0.3405843317345877,0.014613556070308675,0.2864093062516133,
2021-03-14,matern_gp,40.86945801501815,1755.0,53.13205367300624,206126.48344433532,0.005180801625671381,0.20083897545476787,0.0,0.0,
