month,solar_time,solar_altitude_deg,dni_kw_m2,avg_optical_efficiency,avg_cosine_efficiency,avg_shadow_blocking_efficiency,avg_truncation_efficiency,field_power_mw,unit_area_power_kw_m2,required_neighbor_radius_m
1,9.0,17.430915460183293,0.7925396841601171,0.4114568363205838,0.7473271758930691,0.6966362258310719,0.9448669906520483,41.510256517547425,0.3260958711030364,46.49685600478854
1,10.5,27.206169753432686,0.9100911454852127,0.46379426234930604,0.7791178417608254,0.7496236855495251,0.9317471737758097,53.73043762532184,0.4220950514909492,46.49685600478854
1,12.0,30.83375539142462,0.9391840362887128,0.4886471690120037,0.7900625850872336,0.7887391875848032,0.9183134924626887,58.41928082863398,0.45892962051374653,46.49685600478854
1,13.5,27.206169753432686,0.9100911454852127,0.46366133713852414,0.7791178417608254,0.7491691930970149,0.9323662311163667,53.71503827624286,0.4219740774336049,46.49685600478854
1,15.0,17.430915460183293,0.7925396841601171,0.4118966779837981,0.7473271758930691,0.6975041341587517,0.9445630793433653,41.55463040723753,0.32644446307588076,46.49685600478854
2,9.0,24.830779231476313,0.8875714408097994,0.467344852693873,0.7588741854332075,0.7794969576831751,0.9307257662275034,52.80206416594606,0.41480194426054434,46.49685600478854
2,10.5,35.77279809753639,0.9708000370097123,0.49076300925480754,0.791891232991972,0.7875492918928086,0.9152505065691456,60.64733508327816,0.4764327475475649,46.49685600478854
2,12.0,39.96981305979434,0.9921771917861092,0.4992092166611868,0.8032300540149394,0.7923221251696065,0.9106840938326429,63.04954420515839,0.4953039987006396,46.49685600478854
2,13.5,35.77279809753639,0.9708000370097123,0.4912789026253954,0.7918912329919722,0.7875930185719131,0.9163525150739787,60.71108796913806,0.47693357685082466,46.49685600478854
2,15.0,24.830779231476313,0.8875714408097994,0.46784321202760243,0.7588741854332075,0.7801422574626866,0.9309156011835185,52.858370341922104,0.4152442737724236,46.49685600478854
3,9.0,33.12073905193114,0.9548220128815967,0.4859640965903729,0.7693265004714043,0.8039163203867028,0.9168747058205686,59.065886221280856,0.4640092168946065,46.49685600478854
3,10.5,45.55416437870154,1.0147803402321798,0.5032903621052688,0.8027273328003599,0.7959713152985075,0.9092449249540807,65.01308518252473,0.5107291648927617,46.49685600478854
3,12.0,50.60000000000001,1.030801341050838,0.5100863653424983,0.8141818232748622,0.7947019165535957,0.9071778058681941,66.93123013685437,0.525797709446795,46.49685600478854
3,13.5,45.55416437870154,1.0147803402321798,0.5032356300468777,0.8027273328003599,0.7960322676390773,0.9091403808852933,65.00601510878138,0.5106736238759259,46.49685600478854
3,15.0,33.12073905193114,0.9548220128815967,0.48626637130028744,0.7693265004714043,0.8039560719131614,0.9175267072978873,59.102625815313935,0.46429783544157033,46.49685600478854
4,9.0,41.57337310310389,0.9992774792374354,0.49510830723053745,0.7766713372964651,0.8093185528324288,0.9115282571320317,62.97909712349776,0.49475058119884513,46.49685600478854
4,10.5,55.854864217350375,1.0440430323468195,0.5138724447572381,0.8092700518246908,0.8009336308514247,0.9075939856844527,68.29420389103666,0.5365049454638204,46.49685600478854
4,12.0,62.27879686673626,1.0564526886101677,0.5210301136705789,0.8204477054857457,0.7980860965061058,0.907242202593933,70.06852810442521,0.5504436644341444,46.49685600478854
4,13.5,55.854864217350375,1.0440430323468195,0.5135987189888,0.8092700518246908,0.8010992622116689,0.9068495519351714,68.25782544025442,0.5362191639825088,46.49685600478854
4,15.0,41.57337310310389,0.9992774792374354,0.49505715025143293,0.7766713372964651,0.809197973202171,0.9115926318408074,62.972589819321044,0.4946994611817202,46.49685600478854
5,9.0,47.04822444326277,1.0199091178996695,0.5001249293838029,0.779100441936707,0.8117592965569878,0.9098364522499715,64.93070145034976,0.5100819755674689,46.49685600478854
5,10.5,62.76513036365249,1.0572471411640105,0.5202587163930418,0.8103500564627033,0.8045417444029851,0.9086821160110388,70.01740353950373,0.5500420405722011,46.49685600478854
5,12.0,70.79419234787487,1.067847324679981,0.5271850946404846,0.8210718397684695,0.8016067566994572,0.9079513518114173,71.66092402998436,0.562953192923004,46.49685600478854
5,13.5,62.76513036365249,1.0572471411640105,0.5196954659695188,0.8103500564627033,0.8046225725067843,0.9072380725604656,69.94160023058268,0.5494465456721719,46.49685600478854
5,15.0,47.04822444326277,1.0199091178996695,0.4999472965365295,0.779100441936707,0.8118268741519674,0.909213889725678,64.90763956181662,0.5099008062068963,46.49685600478854
6,9.0,48.9252690216093,1.0258814453378147,0.5016329010196315,0.7793553196517947,0.81284583828019,0.909110205214379,65.5078438864433,0.5146158855270206,46.49685600478854
6,10.5,65.1659979065255,1.0608998716279545,0.5222282779025582,0.8099264324897454,0.8061437309192673,0.9091049542226153,70.52529291223118,0.5540319129873118,46.49685600478854
6,12.0,74.04792869349822,1.0709280787201523,0.5291531877013479,0.8204194636292369,0.8032352442333786,0.9084539803997136,72.13596391537381,0.5666850066536486,46.49685600478854
6,13.5,65.1659979065255,1.0608998716279545,0.521430175896274,0.8099264324897454,0.8061331305122117,0.9072822510526077,70.41751173654859,0.5531852066712989,46.49685600478854
6,15.0,48.9252690216093,1.0258814453378147,0.5014677292790236,0.7793553196517947,0.8128060867537313,0.9087209057076332,65.48627423944406,0.5144464389030368,46.49685600478854
7,9.0,46.98556032732384,1.0197008955484417,0.500078624970719,0.7790859966616612,0.8117433959464043,0.9098346953944835,64.9114349177497,0.5099306217272754,46.49685600478854
7,10.5,62.68508886016276,1.057117685320367,0.5202073055495653,0.810355985527018,0.8045033179274084,0.9086956481517983,70.00191205640303,0.5499203427293013,46.49685600478854
7,12.0,70.68941688781499,1.0677372307309512,0.5271478902579053,0.8210846400290372,0.8015511045624152,0.9079940344100759,71.64847914672613,0.5628554285296391,46.49685600478854
7,13.5,62.68508886016276,1.057117685320367,0.5196155641939615,0.8103559855270179,0.8045311439959294,0.9072533296370768,69.92228413520083,0.5492948024771571,46.49685600478854
7,15.0,46.98556032732384,1.0197008955484417,0.4998783882948409,0.7790859966616612,0.8117765222184532,0.9092271958809032,64.88544370495758,0.5097264402095609,46.49685600478854
8,9.0,41.216391476338735,0.9977427318250119,0.49470207205511463,0.7764411039044044,0.8091542465230664,0.9115765817493134,62.83077539641064,0.49358539681176394,46.49685600478854
8,10.5,55.411067633042705,1.043041987249685,0.5134574399248887,0.8091018612531933,0.8007732996947082,0.9075896543475128,68.17362061188776,0.5355576685073917,46.49685600478854
8,12.0,61.75778607165376,1.0555804546135887,0.5206445487726277,0.820300571850408,0.7979297405020352,0.9072479797761462,69.95886950686094,0.5495822094854971,46.49685600478854
8,13.5,55.411067633042705,1.043041987249685,0.5131586335800387,0.8091018612531933,0.8008077510176391,0.906928001810235,68.1339470015624,0.5352460009436565,46.49685600478854
8,15.0,41.216391476338735,0.9977427318250119,0.4947695809113795,0.7764411039044044,0.8090575178086838,0.9118341226656278,62.83934951409651,0.493652753282436,46.49685600478854
9,9.0,32.67375673437458,0.9519102814913561,0.48537095384447776,0.7688382976917587,0.8034194263059702,0.9173561081600761,58.81389176705933,0.46202960130182485,46.49685600478854
9,10.5,45.02000013953847,1.0128606871270214,0.5027451007605122,0.8022462475140468,0.7957288309871099,0.9094688107655448,64.81979887701799,0.509210748206036,46.49685600478854
9,12.0,50.01130914324605,1.0291138673157423,0.5094376621167032,0.8137036759792639,0.7945296599389416,0.9072036934370559,66.7366797773873,0.5242693626172107,46.49685600478854
9,13.5,45.02000013953847,1.0128606871270214,0.5028049351952149,0.8022462475140469,0.7958719364823609,0.9095017261778857,64.82751343458898,0.5092713521526828,46.49685600478854
9,15.0,32.67375673437458,0.9519102814913561,0.4857470055506893,0.7688382976917587,0.8035492812924017,0.9180399763146565,58.85945910925968,0.46238756878734,46.49685600478854
10,9.0,23.853931277968695,0.8773667250613628,0.4621997675185828,0.757461038596879,0.7709517045454546,0.9334592912926059,51.620356465384724,0.40551869635190235,46.49685600478854
10,10.5,34.63479616533371,0.9642046537630657,0.48885521459077924,0.7903631848392673,0.7858121501865671,0.9162480357436067,60.00115253262854,0.47135647292477156,46.49685600478854
10,12.0,38.749055964382315,0.9863991872887538,0.4978394310042392,0.801665429807767,0.7919458107191316,0.911300097736658,62.51037648450989,0.4910684101428771,46.49685600478854
10,13.5,34.63479616533371,0.9642046537630657,0.48936464786957656,0.7903631848392673,0.7857829990671642,0.9174053651044125,60.063679397340216,0.4718476708629697,46.49685600478854
10,15.0,23.853931277968695,0.8773667250613628,0.46333014400535877,0.757461038596879,0.7718911656207599,0.9344978913823506,51.746601524963026,0.40651045106819134,46.49685600478854
11,9.0,16.829321995177068,0.7826585293571621,0.4047264181835432,0.7463079565681449,0.6873476191485753,0.9453069824963305,40.32217899996356,0.3167625832475237,46.49685600478854
11,10.5,26.514344921367616,0.9038461636315566,0.4599534344473059,0.7779629640090903,0.7441194241858887,0.9334624556597791,52.91983753778668,0.4157271471743561,46.49685600478854
11,12.0,30.100472787851643,0.9337570792998368,0.48763404897517965,0.7888638534463076,0.7882422935040706,0.9190893456288284,57.96129060340006,0.45533174533821735,46.49685600478854
11,13.5,26.514344921367616,0.9038461636315566,0.4603529700421511,0.77796296400909,0.7441512254070556,0.9342912809827256,52.965806014563405,0.41608826588899117,46.49685600478854
11,15.0,16.829321995177068,0.7826585293571621,0.4047423204886116,0.7463079565681449,0.687643105495251,0.9448633977888875,40.32376331856169,0.31677502932222196,46.49685600478854
12,9.0,14.404529570653823,0.7386216095866371,0.3739038352568097,0.7420881951984503,0.6447247074287653,0.9455154033757995,35.15540022983852,0.2761734526280016,46.49685600478854
12,10.5,23.731172661666367,0.8760418877074063,0.4431372475254095,0.7731414904123816,0.7221315298507462,0.9373006121143532,49.416643684976044,0.38820679083562387,46.49685600478854
12,12.0,27.15575340690889,0.9096442659768882,0.4826549657179645,0.7838475647970454,0.7844884243554953,0.9231890089674281,55.88798891438569,0.43904432201061794,46.49685600478854
12,13.5,23.731172661666367,0.8760418877074063,0.44412094436774413,0.7731414904123813,0.7221991074457259,0.9392811924644315,49.526341067949694,0.38906855047431455,46.49685600478854
12,15.0,14.404529570653823,0.7386216095866371,0.37399632859715276,0.7420881951984503,0.6444649974559024,0.9462682154521629,35.164096691580134,0.27624177020792184,46.49685600478854
